case_id,pool,engine,method_id,route_id,identity_kind,identity_pair_id,identity_left_sql_path,identity_right_sql_path,verifier_tool,verifier_mode,bound_size,timeout_seconds,cores,raw_states,normalized_verdict,invocation_status,runtime_ms,raw_stdout_path,raw_stderr_path,jsonl_output_path,result_checker_exactness_used,local_only,official_metric_input,paper_result
PERF_0006,PERF,postgres,sqlglot_noop,noop,source_source,perf_0006__source_source__bound4,cases/PERF/PERF_0006/sql/source.sql,cases/PERF/PERF_0006/sql/source.sql,verieql,finite_bound,4,30,1,EQU|EQU|TMO,timeout,timeout,315474.58446293604,/tmp/sqlrb_verieql_pg_noop_identity_guard_reclassification_v0/source_source/results/verieql_pg_noop_identity_guard_reclassification_v0/verifier/tools/verieql/perf_0006__source_source__bound4/raw_stdout.txt,/tmp/sqlrb_verieql_pg_noop_identity_guard_reclassification_v0/source_source/results/verieql_pg_noop_identity_guard_reclassification_v0/verifier/tools/verieql/perf_0006__source_source__bound4/raw_stderr.txt,/tmp/sqlrb_verieql_pg_noop_identity_guard_reclassification_v0/source_source/results/verieql_pg_noop_identity_guard_reclassification_v0/verifier/tools/verieql/batch/verieql_output.jsonl,false,true,false,false
PERF_0006,PERF,postgres,sqlglot_noop,noop,candidate_candidate,perf_0006__candidate_candidate__bound4,runs/user/common_core_pg_noop_db_checker/candidate_sql/PERF_0006__postgres.sql,runs/user/common_core_pg_noop_db_checker/candidate_sql/PERF_0006__postgres.sql,verieql,finite_bound,4,30,1,EQU|EQU|TMO,timeout,timeout,312540.4802579433,/tmp/sqlrb_verieql_pg_noop_identity_guard_reclassification_v0/candidate_candidate/results/verieql_pg_noop_identity_guard_reclassification_v0/verifier/tools/verieql/perf_0006__candidate_candidate__bound4/raw_stdout.txt,/tmp/sqlrb_verieql_pg_noop_identity_guard_reclassification_v0/candidate_candidate/results/verieql_pg_noop_identity_guard_reclassification_v0/verifier/tools/verieql/perf_0006__candidate_candidate__bound4/raw_stderr.txt,/tmp/sqlrb_verieql_pg_noop_identity_guard_reclassification_v0/candidate_candidate/results/verieql_pg_noop_identity_guard_reclassification_v0/verifier/tools/verieql/batch/verieql_output.jsonl,false,true,false,false
PERF_0007,PERF,postgres,sqlglot_noop,noop,source_source,perf_0007__source_source__bound4,cases/PERF/PERF_0007/sql/source.sql,cases/PERF/PERF_0007/sql/source.sql,verieql,finite_bound,4,30,1,NSE,unsupported,unsupported,315474.58446293604,/tmp/sqlrb_verieql_pg_noop_identity_guard_reclassification_v0/source_source/results/verieql_pg_noop_identity_guard_reclassification_v0/verifier/tools/verieql/perf_0007__source_source__bound4/raw_stdout.txt,/tmp/sqlrb_verieql_pg_noop_identity_guard_reclassification_v0/source_source/results/verieql_pg_noop_identity_guard_reclassification_v0/verifier/tools/verieql/perf_0007__source_source__bound4/raw_stderr.txt,/tmp/sqlrb_verieql_pg_noop_identity_guard_reclassification_v0/source_source/results/verieql_pg_noop_identity_guard_reclassification_v0/verifier/tools/verieql/batch/verieql_output.jsonl,false,true,false,false
PERF_0007,PERF,postgres,sqlglot_noop,noop,candidate_candidate,perf_0007__candidate_candidate__bound4,runs/user/common_core_pg_noop_db_checker/candidate_sql/PERF_0007__postgres.sql,runs/user/common_core_pg_noop_db_checker/candidate_sql/PERF_0007__postgres.sql,verieql,finite_bound,4,30,1,NSE,unsupported,unsupported,312540.4802579433,/tmp/sqlrb_verieql_pg_noop_identity_guard_reclassification_v0/candidate_candidate/results/verieql_pg_noop_identity_guard_reclassification_v0/verifier/tools/verieql/perf_0007__candidate_candidate__bound4/raw_stdout.txt,/tmp/sqlrb_verieql_pg_noop_identity_guard_reclassification_v0/candidate_candidate/results/verieql_pg_noop_identity_guard_reclassification_v0/verifier/tools/verieql/perf_0007__candidate_candidate__bound4/raw_stderr.txt,/tmp/sqlrb_verieql_pg_noop_identity_guard_reclassification_v0/candidate_candidate/results/verieql_pg_noop_identity_guard_reclassification_v0/verifier/tools/verieql/batch/verieql_output.jsonl,false,true,false,false
PERF_0008,PERF,postgres,sqlglot_noop,noop,source_source,perf_0008__source_source__bound4,cases/PERF/PERF_0008/sql/source.sql,cases/PERF/PERF_0008/sql/source.sql,verieql,finite_bound,4,30,1,EQU|EQU|TMO,timeout,timeout,315474.58446293604,/tmp/sqlrb_verieql_pg_noop_identity_guard_reclassification_v0/source_source/results/verieql_pg_noop_identity_guard_reclassification_v0/verifier/tools/verieql/perf_0008__source_source__bound4/raw_stdout.txt,/tmp/sqlrb_verieql_pg_noop_identity_guard_reclassification_v0/source_source/results/verieql_pg_noop_identity_guard_reclassification_v0/verifier/tools/verieql/perf_0008__source_source__bound4/raw_stderr.txt,/tmp/sqlrb_verieql_pg_noop_identity_guard_reclassification_v0/source_source/results/verieql_pg_noop_identity_guard_reclassification_v0/verifier/tools/verieql/batch/verieql_output.jsonl,false,true,false,false
PERF_0008,PERF,postgres,sqlglot_noop,noop,candidate_candidate,perf_0008__candidate_candidate__bound4,runs/user/common_core_pg_noop_db_checker/candidate_sql/PERF_0008__postgres.sql,runs/user/common_core_pg_noop_db_checker/candidate_sql/PERF_0008__postgres.sql,verieql,finite_bound,4,30,1,EQU|EQU|TMO,timeout,timeout,312540.4802579433,/tmp/sqlrb_verieql_pg_noop_identity_guard_reclassification_v0/candidate_candidate/results/verieql_pg_noop_identity_guard_reclassification_v0/verifier/tools/verieql/perf_0008__candidate_candidate__bound4/raw_stdout.txt,/tmp/sqlrb_verieql_pg_noop_identity_guard_reclassification_v0/candidate_candidate/results/verieql_pg_noop_identity_guard_reclassification_v0/verifier/tools/verieql/perf_0008__candidate_candidate__bound4/raw_stderr.txt,/tmp/sqlrb_verieql_pg_noop_identity_guard_reclassification_v0/candidate_candidate/results/verieql_pg_noop_identity_guard_reclassification_v0/verifier/tools/verieql/batch/verieql_output.jsonl,false,true,false,false
PERF_0013,PERF,postgres,sqlglot_noop,noop,source_source,perf_0013__source_source__bound4,cases/PERF/PERF_0013/sql/source.sql,cases/PERF/PERF_0013/sql/source.sql,verieql,finite_bound,4,30,1,NSE,unsupported,unsupported,315474.58446293604,/tmp/sqlrb_verieql_pg_noop_identity_guard_reclassification_v0/source_source/results/verieql_pg_noop_identity_guard_reclassification_v0/verifier/tools/verieql/perf_0013__source_source__bound4/raw_stdout.txt,/tmp/sqlrb_verieql_pg_noop_identity_guard_reclassification_v0/source_source/results/verieql_pg_noop_identity_guard_reclassification_v0/verifier/tools/verieql/perf_0013__source_source__bound4/raw_stderr.txt,/tmp/sqlrb_verieql_pg_noop_identity_guard_reclassification_v0/source_source/results/verieql_pg_noop_identity_guard_reclassification_v0/verifier/tools/verieql/batch/verieql_output.jsonl,false,true,false,false
PERF_0013,PERF,postgres,sqlglot_noop,noop,candidate_candidate,perf_0013__candidate_candidate__bound4,runs/user/common_core_pg_noop_db_checker/candidate_sql/PERF_0013__postgres.sql,runs/user/common_core_pg_noop_db_checker/candidate_sql/PERF_0013__postgres.sql,verieql,finite_bound,4,30,1,NSE,unsupported,unsupported,312540.4802579433,/tmp/sqlrb_verieql_pg_noop_identity_guard_reclassification_v0/candidate_candidate/results/verieql_pg_noop_identity_guard_reclassification_v0/verifier/tools/verieql/perf_0013__candidate_candidate__bound4/raw_stdout.txt,/tmp/sqlrb_verieql_pg_noop_identity_guard_reclassification_v0/candidate_candidate/results/verieql_pg_noop_identity_guard_reclassification_v0/verifier/tools/verieql/perf_0013__candidate_candidate__bound4/raw_stderr.txt,/tmp/sqlrb_verieql_pg_noop_identity_guard_reclassification_v0/candidate_candidate/results/verieql_pg_noop_identity_guard_reclassification_v0/verifier/tools/verieql/batch/verieql_output.jsonl,false,true,false,false
PERF_0017,PERF,postgres,sqlglot_noop,noop,source_source,perf_0017__source_source__bound4,cases/PERF/PERF_0017/sql/source.sql,cases/PERF/PERF_0017/sql/source.sql,verieql,finite_bound,4,30,1,NSE,unsupported,unsupported,315474.58446293604,/tmp/sqlrb_verieql_pg_noop_identity_guard_reclassification_v0/source_source/results/verieql_pg_noop_identity_guard_reclassification_v0/verifier/tools/verieql/perf_0017__source_source__bound4/raw_stdout.txt,/tmp/sqlrb_verieql_pg_noop_identity_guard_reclassification_v0/source_source/results/verieql_pg_noop_identity_guard_reclassification_v0/verifier/tools/verieql/perf_0017__source_source__bound4/raw_stderr.txt,/tmp/sqlrb_verieql_pg_noop_identity_guard_reclassification_v0/source_source/results/verieql_pg_noop_identity_guard_reclassification_v0/verifier/tools/verieql/batch/verieql_output.jsonl,false,true,false,false
PERF_0017,PERF,postgres,sqlglot_noop,noop,candidate_candidate,perf_0017__candidate_candidate__bound4,runs/user/common_core_pg_noop_db_checker/candidate_sql/PERF_0017__postgres.sql,runs/user/common_core_pg_noop_db_checker/candidate_sql/PERF_0017__postgres.sql,verieql,finite_bound,4,30,1,NSE,unsupported,unsupported,312540.4802579433,/tmp/sqlrb_verieql_pg_noop_identity_guard_reclassification_v0/candidate_candidate/results/verieql_pg_noop_identity_guard_reclassification_v0/verifier/tools/verieql/perf_0017__candidate_candidate__bound4/raw_stdout.txt,/tmp/sqlrb_verieql_pg_noop_identity_guard_reclassification_v0/candidate_candidate/results/verieql_pg_noop_identity_guard_reclassification_v0/verifier/tools/verieql/perf_0017__candidate_candidate__bound4/raw_stderr.txt,/tmp/sqlrb_verieql_pg_noop_identity_guard_reclassification_v0/candidate_candidate/results/verieql_pg_noop_identity_guard_reclassification_v0/verifier/tools/verieql/batch/verieql_output.jsonl,false,true,false,false
PERF_0019,PERF,postgres,sqlglot_noop,noop,source_source,perf_0019__source_source__bound4,cases/PERF/PERF_0019/sql/source.sql,cases/PERF/PERF_0019/sql/source.sql,verieql,finite_bound,4,30,1,NIE,not_implemented,not_implemented,315474.58446293604,/tmp/sqlrb_verieql_pg_noop_identity_guard_reclassification_v0/source_source/results/verieql_pg_noop_identity_guard_reclassification_v0/verifier/tools/verieql/perf_0019__source_source__bound4/raw_stdout.txt,/tmp/sqlrb_verieql_pg_noop_identity_guard_reclassification_v0/source_source/results/verieql_pg_noop_identity_guard_reclassification_v0/verifier/tools/verieql/perf_0019__source_source__bound4/raw_stderr.txt,/tmp/sqlrb_verieql_pg_noop_identity_guard_reclassification_v0/source_source/results/verieql_pg_noop_identity_guard_reclassification_v0/verifier/tools/verieql/batch/verieql_output.jsonl,false,true,false,false
PERF_0019,PERF,postgres,sqlglot_noop,noop,candidate_candidate,perf_0019__candidate_candidate__bound4,runs/user/common_core_pg_noop_db_checker/candidate_sql/PERF_0019__postgres.sql,runs/user/common_core_pg_noop_db_checker/candidate_sql/PERF_0019__postgres.sql,verieql,finite_bound,4,30,1,NIE,not_implemented,not_implemented,312540.4802579433,/tmp/sqlrb_verieql_pg_noop_identity_guard_reclassification_v0/candidate_candidate/results/verieql_pg_noop_identity_guard_reclassification_v0/verifier/tools/verieql/perf_0019__candidate_candidate__bound4/raw_stdout.txt,/tmp/sqlrb_verieql_pg_noop_identity_guard_reclassification_v0/candidate_candidate/results/verieql_pg_noop_identity_guard_reclassification_v0/verifier/tools/verieql/perf_0019__candidate_candidate__bound4/raw_stderr.txt,/tmp/sqlrb_verieql_pg_noop_identity_guard_reclassification_v0/candidate_candidate/results/verieql_pg_noop_identity_guard_reclassification_v0/verifier/tools/verieql/batch/verieql_output.jsonl,false,true,false,false
PERF_0024,PERF,postgres,sqlglot_noop,noop,source_source,perf_0024__source_source__bound4,cases/PERF/PERF_0024/sql/source.sql,cases/PERF/PERF_0024/sql/source.sql,verieql,finite_bound,4,30,1,NIE,not_implemented,not_implemented,315474.58446293604,/tmp/sqlrb_verieql_pg_noop_identity_guard_reclassification_v0/source_source/results/verieql_pg_noop_identity_guard_reclassification_v0/verifier/tools/verieql/perf_0024__source_source__bound4/raw_stdout.txt,/tmp/sqlrb_verieql_pg_noop_identity_guard_reclassification_v0/source_source/results/verieql_pg_noop_identity_guard_reclassification_v0/verifier/tools/verieql/perf_0024__source_source__bound4/raw_stderr.txt,/tmp/sqlrb_verieql_pg_noop_identity_guard_reclassification_v0/source_source/results/verieql_pg_noop_identity_guard_reclassification_v0/verifier/tools/verieql/batch/verieql_output.jsonl,false,true,false,false
PERF_0024,PERF,postgres,sqlglot_noop,noop,candidate_candidate,perf_0024__candidate_candidate__bound4,runs/user/common_core_pg_noop_db_checker/candidate_sql/PERF_0024__postgres.sql,runs/user/common_core_pg_noop_db_checker/candidate_sql/PERF_0024__postgres.sql,verieql,finite_bound,4,30,1,NIE,not_implemented,not_implemented,312540.4802579433,/tmp/sqlrb_verieql_pg_noop_identity_guard_reclassification_v0/candidate_candidate/results/verieql_pg_noop_identity_guard_reclassification_v0/verifier/tools/verieql/perf_0024__candidate_candidate__bound4/raw_stdout.txt,/tmp/sqlrb_verieql_pg_noop_identity_guard_reclassification_v0/candidate_candidate/results/verieql_pg_noop_identity_guard_reclassification_v0/verifier/tools/verieql/perf_0024__candidate_candidate__bound4/raw_stderr.txt,/tmp/sqlrb_verieql_pg_noop_identity_guard_reclassification_v0/candidate_candidate/results/verieql_pg_noop_identity_guard_reclassification_v0/verifier/tools/verieql/batch/verieql_output.jsonl,false,true,false,false
PERF_0033,PERF,postgres,sqlglot_noop,noop,source_source,perf_0033__source_source__bound4,cases/PERF/PERF_0033/sql/source.sql,cases/PERF/PERF_0033/sql/source.sql,verieql,finite_bound,4,30,1,EQU|EQU|TMO,timeout,timeout,315474.58446293604,/tmp/sqlrb_verieql_pg_noop_identity_guard_reclassification_v0/source_source/results/verieql_pg_noop_identity_guard_reclassification_v0/verifier/tools/verieql/perf_0033__source_source__bound4/raw_stdout.txt,/tmp/sqlrb_verieql_pg_noop_identity_guard_reclassification_v0/source_source/results/verieql_pg_noop_identity_guard_reclassification_v0/verifier/tools/verieql/perf_0033__source_source__bound4/raw_stderr.txt,/tmp/sqlrb_verieql_pg_noop_identity_guard_reclassification_v0/source_source/results/verieql_pg_noop_identity_guard_reclassification_v0/verifier/tools/verieql/batch/verieql_output.jsonl,false,true,false,false
PERF_0033,PERF,postgres,sqlglot_noop,noop,candidate_candidate,perf_0033__candidate_candidate__bound4,runs/user/common_core_pg_noop_db_checker/candidate_sql/PERF_0033__postgres.sql,runs/user/common_core_pg_noop_db_checker/candidate_sql/PERF_0033__postgres.sql,verieql,finite_bound,4,30,1,EQU|EQU|TMO,timeout,timeout,312540.4802579433,/tmp/sqlrb_verieql_pg_noop_identity_guard_reclassification_v0/candidate_candidate/results/verieql_pg_noop_identity_guard_reclassification_v0/verifier/tools/verieql/perf_0033__candidate_candidate__bound4/raw_stdout.txt,/tmp/sqlrb_verieql_pg_noop_identity_guard_reclassification_v0/candidate_candidate/results/verieql_pg_noop_identity_guard_reclassification_v0/verifier/tools/verieql/perf_0033__candidate_candidate__bound4/raw_stderr.txt,/tmp/sqlrb_verieql_pg_noop_identity_guard_reclassification_v0/candidate_candidate/results/verieql_pg_noop_identity_guard_reclassification_v0/verifier/tools/verieql/batch/verieql_output.jsonl,false,true,false,false
PERF_0034,PERF,postgres,sqlglot_noop,noop,source_source,perf_0034__source_source__bound4,cases/PERF/PERF_0034/sql/source.sql,cases/PERF/PERF_0034/sql/source.sql,verieql,finite_bound,4,30,1,EQU|TMO,timeout,timeout,315474.58446293604,/tmp/sqlrb_verieql_pg_noop_identity_guard_reclassification_v0/source_source/results/verieql_pg_noop_identity_guard_reclassification_v0/verifier/tools/verieql/perf_0034__source_source__bound4/raw_stdout.txt,/tmp/sqlrb_verieql_pg_noop_identity_guard_reclassification_v0/source_source/results/verieql_pg_noop_identity_guard_reclassification_v0/verifier/tools/verieql/perf_0034__source_source__bound4/raw_stderr.txt,/tmp/sqlrb_verieql_pg_noop_identity_guard_reclassification_v0/source_source/results/verieql_pg_noop_identity_guard_reclassification_v0/verifier/tools/verieql/batch/verieql_output.jsonl,false,true,false,false
PERF_0034,PERF,postgres,sqlglot_noop,noop,candidate_candidate,perf_0034__candidate_candidate__bound4,runs/user/common_core_pg_noop_db_checker/candidate_sql/PERF_0034__postgres.sql,runs/user/common_core_pg_noop_db_checker/candidate_sql/PERF_0034__postgres.sql,verieql,finite_bound,4,30,1,EQU|TMO,timeout,timeout,312540.4802579433,/tmp/sqlrb_verieql_pg_noop_identity_guard_reclassification_v0/candidate_candidate/results/verieql_pg_noop_identity_guard_reclassification_v0/verifier/tools/verieql/perf_0034__candidate_candidate__bound4/raw_stdout.txt,/tmp/sqlrb_verieql_pg_noop_identity_guard_reclassification_v0/candidate_candidate/results/verieql_pg_noop_identity_guard_reclassification_v0/verifier/tools/verieql/perf_0034__candidate_candidate__bound4/raw_stderr.txt,/tmp/sqlrb_verieql_pg_noop_identity_guard_reclassification_v0/candidate_candidate/results/verieql_pg_noop_identity_guard_reclassification_v0/verifier/tools/verieql/batch/verieql_output.jsonl,false,true,false,false
PERF_0035,PERF,postgres,sqlglot_noop,noop,source_source,perf_0035__source_source__bound4,cases/PERF/PERF_0035/sql/source.sql,cases/PERF/PERF_0035/sql/source.sql,verieql,finite_bound,4,30,1,NSE,unsupported,unsupported,315474.58446293604,/tmp/sqlrb_verieql_pg_noop_identity_guard_reclassification_v0/source_source/results/verieql_pg_noop_identity_guard_reclassification_v0/verifier/tools/verieql/perf_0035__source_source__bound4/raw_stdout.txt,/tmp/sqlrb_verieql_pg_noop_identity_guard_reclassification_v0/source_source/results/verieql_pg_noop_identity_guard_reclassification_v0/verifier/tools/verieql/perf_0035__source_source__bound4/raw_stderr.txt,/tmp/sqlrb_verieql_pg_noop_identity_guard_reclassification_v0/source_source/results/verieql_pg_noop_identity_guard_reclassification_v0/verifier/tools/verieql/batch/verieql_output.jsonl,false,true,false,false
PERF_0035,PERF,postgres,sqlglot_noop,noop,candidate_candidate,perf_0035__candidate_candidate__bound4,runs/user/common_core_pg_noop_db_checker/candidate_sql/PERF_0035__postgres.sql,runs/user/common_core_pg_noop_db_checker/candidate_sql/PERF_0035__postgres.sql,verieql,finite_bound,4,30,1,NSE,unsupported,unsupported,312540.4802579433,/tmp/sqlrb_verieql_pg_noop_identity_guard_reclassification_v0/candidate_candidate/results/verieql_pg_noop_identity_guard_reclassification_v0/verifier/tools/verieql/perf_0035__candidate_candidate__bound4/raw_stdout.txt,/tmp/sqlrb_verieql_pg_noop_identity_guard_reclassification_v0/candidate_candidate/results/verieql_pg_noop_identity_guard_reclassification_v0/verifier/tools/verieql/perf_0035__candidate_candidate__bound4/raw_stderr.txt,/tmp/sqlrb_verieql_pg_noop_identity_guard_reclassification_v0/candidate_candidate/results/verieql_pg_noop_identity_guard_reclassification_v0/verifier/tools/verieql/batch/verieql_output.jsonl,false,true,false,false
PERF_0052,PERF,postgres,sqlglot_noop,noop,source_source,perf_0052__source_source__bound4,cases/PERF/PERF_0052/sql/source.sql,cases/PERF/PERF_0052/sql/source.sql,verieql,finite_bound,4,30,1,NSE,unsupported,unsupported,315474.58446293604,/tmp/sqlrb_verieql_pg_noop_identity_guard_reclassification_v0/source_source/results/verieql_pg_noop_identity_guard_reclassification_v0/verifier/tools/verieql/perf_0052__source_source__bound4/raw_stdout.txt,/tmp/sqlrb_verieql_pg_noop_identity_guard_reclassification_v0/source_source/results/verieql_pg_noop_identity_guard_reclassification_v0/verifier/tools/verieql/perf_0052__source_source__bound4/raw_stderr.txt,/tmp/sqlrb_verieql_pg_noop_identity_guard_reclassification_v0/source_source/results/verieql_pg_noop_identity_guard_reclassification_v0/verifier/tools/verieql/batch/verieql_output.jsonl,false,true,false,false
PERF_0052,PERF,postgres,sqlglot_noop,noop,candidate_candidate,perf_0052__candidate_candidate__bound4,runs/user/common_core_pg_noop_db_checker/candidate_sql/PERF_0052__postgres.sql,runs/user/common_core_pg_noop_db_checker/candidate_sql/PERF_0052__postgres.sql,verieql,finite_bound,4,30,1,NSE,unsupported,unsupported,312540.4802579433,/tmp/sqlrb_verieql_pg_noop_identity_guard_reclassification_v0/candidate_candidate/results/verieql_pg_noop_identity_guard_reclassification_v0/verifier/tools/verieql/perf_0052__candidate_candidate__bound4/raw_stdout.txt,/tmp/sqlrb_verieql_pg_noop_identity_guard_reclassification_v0/candidate_candidate/results/verieql_pg_noop_identity_guard_reclassification_v0/verifier/tools/verieql/perf_0052__candidate_candidate__bound4/raw_stderr.txt,/tmp/sqlrb_verieql_pg_noop_identity_guard_reclassification_v0/candidate_candidate/results/verieql_pg_noop_identity_guard_reclassification_v0/verifier/tools/verieql/batch/verieql_output.jsonl,false,true,false,false
PERF_0054,PERF,postgres,sqlglot_noop,noop,source_source,perf_0054__source_source__bound4,cases/PERF/PERF_0054/sql/source.sql,cases/PERF/PERF_0054/sql/source.sql,verieql,finite_bound,4,30,1,EQU|TMO,timeout,timeout,315474.58446293604,/tmp/sqlrb_verieql_pg_noop_identity_guard_reclassification_v0/source_source/results/verieql_pg_noop_identity_guard_reclassification_v0/verifier/tools/verieql/perf_0054__source_source__bound4/raw_stdout.txt,/tmp/sqlrb_verieql_pg_noop_identity_guard_reclassification_v0/source_source/results/verieql_pg_noop_identity_guard_reclassification_v0/verifier/tools/verieql/perf_0054__source_source__bound4/raw_stderr.txt,/tmp/sqlrb_verieql_pg_noop_identity_guard_reclassification_v0/source_source/results/verieql_pg_noop_identity_guard_reclassification_v0/verifier/tools/verieql/batch/verieql_output.jsonl,false,true,false,false
PERF_0054,PERF,postgres,sqlglot_noop,noop,candidate_candidate,perf_0054__candidate_candidate__bound4,runs/user/common_core_pg_noop_db_checker/candidate_sql/PERF_0054__postgres.sql,runs/user/common_core_pg_noop_db_checker/candidate_sql/PERF_0054__postgres.sql,verieql,finite_bound,4,30,1,EQU|TMO,timeout,timeout,312540.4802579433,/tmp/sqlrb_verieql_pg_noop_identity_guard_reclassification_v0/candidate_candidate/results/verieql_pg_noop_identity_guard_reclassification_v0/verifier/tools/verieql/perf_0054__candidate_candidate__bound4/raw_stdout.txt,/tmp/sqlrb_verieql_pg_noop_identity_guard_reclassification_v0/candidate_candidate/results/verieql_pg_noop_identity_guard_reclassification_v0/verifier/tools/verieql/perf_0054__candidate_candidate__bound4/raw_stderr.txt,/tmp/sqlrb_verieql_pg_noop_identity_guard_reclassification_v0/candidate_candidate/results/verieql_pg_noop_identity_guard_reclassification_v0/verifier/tools/verieql/batch/verieql_output.jsonl,false,true,false,false
PERF_0056,PERF,postgres,sqlglot_noop,noop,source_source,perf_0056__source_source__bound4,cases/PERF/PERF_0056/sql/source.sql,cases/PERF/PERF_0056/sql/source.sql,verieql,finite_bound,4,30,1,NSE,unsupported,unsupported,315474.58446293604,/tmp/sqlrb_verieql_pg_noop_identity_guard_reclassification_v0/source_source/results/verieql_pg_noop_identity_guard_reclassification_v0/verifier/tools/verieql/perf_0056__source_source__bound4/raw_stdout.txt,/tmp/sqlrb_verieql_pg_noop_identity_guard_reclassification_v0/source_source/results/verieql_pg_noop_identity_guard_reclassification_v0/verifier/tools/verieql/perf_0056__source_source__bound4/raw_stderr.txt,/tmp/sqlrb_verieql_pg_noop_identity_guard_reclassification_v0/source_source/results/verieql_pg_noop_identity_guard_reclassification_v0/verifier/tools/verieql/batch/verieql_output.jsonl,false,true,false,false
PERF_0056,PERF,postgres,sqlglot_noop,noop,candidate_candidate,perf_0056__candidate_candidate__bound4,runs/user/common_core_pg_noop_db_checker/candidate_sql/PERF_0056__postgres.sql,runs/user/common_core_pg_noop_db_checker/candidate_sql/PERF_0056__postgres.sql,verieql,finite_bound,4,30,1,NSE,unsupported,unsupported,312540.4802579433,/tmp/sqlrb_verieql_pg_noop_identity_guard_reclassification_v0/candidate_candidate/results/verieql_pg_noop_identity_guard_reclassification_v0/verifier/tools/verieql/perf_0056__candidate_candidate__bound4/raw_stdout.txt,/tmp/sqlrb_verieql_pg_noop_identity_guard_reclassification_v0/candidate_candidate/results/verieql_pg_noop_identity_guard_reclassification_v0/verifier/tools/verieql/perf_0056__candidate_candidate__bound4/raw_stderr.txt,/tmp/sqlrb_verieql_pg_noop_identity_guard_reclassification_v0/candidate_candidate/results/verieql_pg_noop_identity_guard_reclassification_v0/verifier/tools/verieql/batch/verieql_output.jsonl,false,true,false,false
PERF_0062,PERF,postgres,sqlglot_noop,noop,source_source,perf_0062__source_source__bound4,cases/PERF/PERF_0062/sql/source.sql,cases/PERF/PERF_0062/sql/source.sql,verieql,finite_bound,4,30,1,EQU|TMO,timeout,timeout,315474.58446293604,/tmp/sqlrb_verieql_pg_noop_identity_guard_reclassification_v0/source_source/results/verieql_pg_noop_identity_guard_reclassification_v0/verifier/tools/verieql/perf_0062__source_source__bound4/raw_stdout.txt,/tmp/sqlrb_verieql_pg_noop_identity_guard_reclassification_v0/source_source/results/verieql_pg_noop_identity_guard_reclassification_v0/verifier/tools/verieql/perf_0062__source_source__bound4/raw_stderr.txt,/tmp/sqlrb_verieql_pg_noop_identity_guard_reclassification_v0/source_source/results/verieql_pg_noop_identity_guard_reclassification_v0/verifier/tools/verieql/batch/verieql_output.jsonl,false,true,false,false
PERF_0062,PERF,postgres,sqlglot_noop,noop,candidate_candidate,perf_0062__candidate_candidate__bound4,runs/user/common_core_pg_noop_db_checker/candidate_sql/PERF_0062__postgres.sql,runs/user/common_core_pg_noop_db_checker/candidate_sql/PERF_0062__postgres.sql,verieql,finite_bound,4,30,1,EQU|TMO,timeout,timeout,312540.4802579433,/tmp/sqlrb_verieql_pg_noop_identity_guard_reclassification_v0/candidate_candidate/results/verieql_pg_noop_identity_guard_reclassification_v0/verifier/tools/verieql/perf_0062__candidate_candidate__bound4/raw_stdout.txt,/tmp/sqlrb_verieql_pg_noop_identity_guard_reclassification_v0/candidate_candidate/results/verieql_pg_noop_identity_guard_reclassification_v0/verifier/tools/verieql/perf_0062__candidate_candidate__bound4/raw_stderr.txt,/tmp/sqlrb_verieql_pg_noop_identity_guard_reclassification_v0/candidate_candidate/results/verieql_pg_noop_identity_guard_reclassification_v0/verifier/tools/verieql/batch/verieql_output.jsonl,false,true,false,false
PERF_0077,PERF,postgres,sqlglot_noop,noop,source_source,perf_0077__source_source__bound4,cases/PERF/PERF_0077/sql/source.sql,cases/PERF/PERF_0077/sql/source.sql,verieql,finite_bound,4,30,1,NIE,not_implemented,not_implemented,315474.58446293604,/tmp/sqlrb_verieql_pg_noop_identity_guard_reclassification_v0/source_source/results/verieql_pg_noop_identity_guard_reclassification_v0/verifier/tools/verieql/perf_0077__source_source__bound4/raw_stdout.txt,/tmp/sqlrb_verieql_pg_noop_identity_guard_reclassification_v0/source_source/results/verieql_pg_noop_identity_guard_reclassification_v0/verifier/tools/verieql/perf_0077__source_source__bound4/raw_stderr.txt,/tmp/sqlrb_verieql_pg_noop_identity_guard_reclassification_v0/source_source/results/verieql_pg_noop_identity_guard_reclassification_v0/verifier/tools/verieql/batch/verieql_output.jsonl,false,true,false,false
PERF_0077,PERF,postgres,sqlglot_noop,noop,candidate_candidate,perf_0077__candidate_candidate__bound4,runs/user/common_core_pg_noop_db_checker/candidate_sql/PERF_0077__postgres.sql,runs/user/common_core_pg_noop_db_checker/candidate_sql/PERF_0077__postgres.sql,verieql,finite_bound,4,30,1,NIE,not_implemented,not_implemented,312540.4802579433,/tmp/sqlrb_verieql_pg_noop_identity_guard_reclassification_v0/candidate_candidate/results/verieql_pg_noop_identity_guard_reclassification_v0/verifier/tools/verieql/perf_0077__candidate_candidate__bound4/raw_stdout.txt,/tmp/sqlrb_verieql_pg_noop_identity_guard_reclassification_v0/candidate_candidate/results/verieql_pg_noop_identity_guard_reclassification_v0/verifier/tools/verieql/perf_0077__candidate_candidate__bound4/raw_stderr.txt,/tmp/sqlrb_verieql_pg_noop_identity_guard_reclassification_v0/candidate_candidate/results/verieql_pg_noop_identity_guard_reclassification_v0/verifier/tools/verieql/batch/verieql_output.jsonl,false,true,false,false
PERF_0082,PERF,postgres,sqlglot_noop,noop,source_source,perf_0082__source_source__bound4,cases/PERF/PERF_0082/sql/source.sql,cases/PERF/PERF_0082/sql/source.sql,verieql,finite_bound,4,30,1,NIE,not_implemented,not_implemented,315474.58446293604,/tmp/sqlrb_verieql_pg_noop_identity_guard_reclassification_v0/source_source/results/verieql_pg_noop_identity_guard_reclassification_v0/verifier/tools/verieql/perf_0082__source_source__bound4/raw_stdout.txt,/tmp/sqlrb_verieql_pg_noop_identity_guard_reclassification_v0/source_source/results/verieql_pg_noop_identity_guard_reclassification_v0/verifier/tools/verieql/perf_0082__source_source__bound4/raw_stderr.txt,/tmp/sqlrb_verieql_pg_noop_identity_guard_reclassification_v0/source_source/results/verieql_pg_noop_identity_guard_reclassification_v0/verifier/tools/verieql/batch/verieql_output.jsonl,false,true,false,false
PERF_0082,PERF,postgres,sqlglot_noop,noop,candidate_candidate,perf_0082__candidate_candidate__bound4,runs/user/common_core_pg_noop_db_checker/candidate_sql/PERF_0082__postgres.sql,runs/user/common_core_pg_noop_db_checker/candidate_sql/PERF_0082__postgres.sql,verieql,finite_bound,4,30,1,NIE,not_implemented,not_implemented,312540.4802579433,/tmp/sqlrb_verieql_pg_noop_identity_guard_reclassification_v0/candidate_candidate/results/verieql_pg_noop_identity_guard_reclassification_v0/verifier/tools/verieql/perf_0082__candidate_candidate__bound4/raw_stdout.txt,/tmp/sqlrb_verieql_pg_noop_identity_guard_reclassification_v0/candidate_candidate/results/verieql_pg_noop_identity_guard_reclassification_v0/verifier/tools/verieql/perf_0082__candidate_candidate__bound4/raw_stderr.txt,/tmp/sqlrb_verieql_pg_noop_identity_guard_reclassification_v0/candidate_candidate/results/verieql_pg_noop_identity_guard_reclassification_v0/verifier/tools/verieql/batch/verieql_output.jsonl,false,true,false,false
CONS_0005,CONS,postgres,sqlglot_noop,noop,source_source,cons_0005__source_source__bound4,cases/CONS/CONS_0005/sql/source.sql,cases/CONS/CONS_0005/sql/source.sql,verieql,finite_bound,4,30,1,NSE,unsupported,unsupported,315474.58446293604,/tmp/sqlrb_verieql_pg_noop_identity_guard_reclassification_v0/source_source/results/verieql_pg_noop_identity_guard_reclassification_v0/verifier/tools/verieql/cons_0005__source_source__bound4/raw_stdout.txt,/tmp/sqlrb_verieql_pg_noop_identity_guard_reclassification_v0/source_source/results/verieql_pg_noop_identity_guard_reclassification_v0/verifier/tools/verieql/cons_0005__source_source__bound4/raw_stderr.txt,/tmp/sqlrb_verieql_pg_noop_identity_guard_reclassification_v0/source_source/results/verieql_pg_noop_identity_guard_reclassification_v0/verifier/tools/verieql/batch/verieql_output.jsonl,false,true,false,false
CONS_0005,CONS,postgres,sqlglot_noop,noop,candidate_candidate,cons_0005__candidate_candidate__bound4,runs/user/common_core_pg_noop_db_checker/candidate_sql/CONS_0005__postgres.sql,runs/user/common_core_pg_noop_db_checker/candidate_sql/CONS_0005__postgres.sql,verieql,finite_bound,4,30,1,NSE,unsupported,unsupported,312540.4802579433,/tmp/sqlrb_verieql_pg_noop_identity_guard_reclassification_v0/candidate_candidate/results/verieql_pg_noop_identity_guard_reclassification_v0/verifier/tools/verieql/cons_0005__candidate_candidate__bound4/raw_stdout.txt,/tmp/sqlrb_verieql_pg_noop_identity_guard_reclassification_v0/candidate_candidate/results/verieql_pg_noop_identity_guard_reclassification_v0/verifier/tools/verieql/cons_0005__candidate_candidate__bound4/raw_stderr.txt,/tmp/sqlrb_verieql_pg_noop_identity_guard_reclassification_v0/candidate_candidate/results/verieql_pg_noop_identity_guard_reclassification_v0/verifier/tools/verieql/batch/verieql_output.jsonl,false,true,false,false
CONS_0007,CONS,postgres,sqlglot_noop,noop,source_source,cons_0007__source_source__bound4,cases/CONS/CONS_0007/sql/source.sql,cases/CONS/CONS_0007/sql/source.sql,verieql,finite_bound,4,30,1,NSE,unsupported,unsupported,315474.58446293604,/tmp/sqlrb_verieql_pg_noop_identity_guard_reclassification_v0/source_source/results/verieql_pg_noop_identity_guard_reclassification_v0/verifier/tools/verieql/cons_0007__source_source__bound4/raw_stdout.txt,/tmp/sqlrb_verieql_pg_noop_identity_guard_reclassification_v0/source_source/results/verieql_pg_noop_identity_guard_reclassification_v0/verifier/tools/verieql/cons_0007__source_source__bound4/raw_stderr.txt,/tmp/sqlrb_verieql_pg_noop_identity_guard_reclassification_v0/source_source/results/verieql_pg_noop_identity_guard_reclassification_v0/verifier/tools/verieql/batch/verieql_output.jsonl,false,true,false,false
CONS_0007,CONS,postgres,sqlglot_noop,noop,candidate_candidate,cons_0007__candidate_candidate__bound4,runs/user/common_core_pg_noop_db_checker/candidate_sql/CONS_0007__postgres.sql,runs/user/common_core_pg_noop_db_checker/candidate_sql/CONS_0007__postgres.sql,verieql,finite_bound,4,30,1,NSE,unsupported,unsupported,312540.4802579433,/tmp/sqlrb_verieql_pg_noop_identity_guard_reclassification_v0/candidate_candidate/results/verieql_pg_noop_identity_guard_reclassification_v0/verifier/tools/verieql/cons_0007__candidate_candidate__bound4/raw_stdout.txt,/tmp/sqlrb_verieql_pg_noop_identity_guard_reclassification_v0/candidate_candidate/results/verieql_pg_noop_identity_guard_reclassification_v0/verifier/tools/verieql/cons_0007__candidate_candidate__bound4/raw_stderr.txt,/tmp/sqlrb_verieql_pg_noop_identity_guard_reclassification_v0/candidate_candidate/results/verieql_pg_noop_identity_guard_reclassification_v0/verifier/tools/verieql/batch/verieql_output.jsonl,false,true,false,false
CONS_0009,CONS,postgres,sqlglot_noop,noop,source_source,cons_0009__source_source__bound4,cases/CONS/CONS_0009/sql/source.sql,cases/CONS/CONS_0009/sql/source.sql,verieql,finite_bound,4,30,1,NSE,unsupported,unsupported,315474.58446293604,/tmp/sqlrb_verieql_pg_noop_identity_guard_reclassification_v0/source_source/results/verieql_pg_noop_identity_guard_reclassification_v0/verifier/tools/verieql/cons_0009__source_source__bound4/raw_stdout.txt,/tmp/sqlrb_verieql_pg_noop_identity_guard_reclassification_v0/source_source/results/verieql_pg_noop_identity_guard_reclassification_v0/verifier/tools/verieql/cons_0009__source_source__bound4/raw_stderr.txt,/tmp/sqlrb_verieql_pg_noop_identity_guard_reclassification_v0/source_source/results/verieql_pg_noop_identity_guard_reclassification_v0/verifier/tools/verieql/batch/verieql_output.jsonl,false,true,false,false
CONS_0009,CONS,postgres,sqlglot_noop,noop,candidate_candidate,cons_0009__candidate_candidate__bound4,runs/user/common_core_pg_noop_db_checker/candidate_sql/CONS_0009__postgres.sql,runs/user/common_core_pg_noop_db_checker/candidate_sql/CONS_0009__postgres.sql,verieql,finite_bound,4,30,1,NSE,unsupported,unsupported,312540.4802579433,/tmp/sqlrb_verieql_pg_noop_identity_guard_reclassification_v0/candidate_candidate/results/verieql_pg_noop_identity_guard_reclassification_v0/verifier/tools/verieql/cons_0009__candidate_candidate__bound4/raw_stdout.txt,/tmp/sqlrb_verieql_pg_noop_identity_guard_reclassification_v0/candidate_candidate/results/verieql_pg_noop_identity_guard_reclassification_v0/verifier/tools/verieql/cons_0009__candidate_candidate__bound4/raw_stderr.txt,/tmp/sqlrb_verieql_pg_noop_identity_guard_reclassification_v0/candidate_candidate/results/verieql_pg_noop_identity_guard_reclassification_v0/verifier/tools/verieql/batch/verieql_output.jsonl,false,true,false,false
CONS_0010,CONS,postgres,sqlglot_noop,noop,source_source,cons_0010__source_source__bound4,cases/CONS/CONS_0010/sql/source.sql,cases/CONS/CONS_0010/sql/source.sql,verieql,finite_bound,4,30,1,NSE,unsupported,unsupported,315474.58446293604,/tmp/sqlrb_verieql_pg_noop_identity_guard_reclassification_v0/source_source/results/verieql_pg_noop_identity_guard_reclassification_v0/verifier/tools/verieql/cons_0010__source_source__bound4/raw_stdout.txt,/tmp/sqlrb_verieql_pg_noop_identity_guard_reclassification_v0/source_source/results/verieql_pg_noop_identity_guard_reclassification_v0/verifier/tools/verieql/cons_0010__source_source__bound4/raw_stderr.txt,/tmp/sqlrb_verieql_pg_noop_identity_guard_reclassification_v0/source_source/results/verieql_pg_noop_identity_guard_reclassification_v0/verifier/tools/verieql/batch/verieql_output.jsonl,false,true,false,false
CONS_0010,CONS,postgres,sqlglot_noop,noop,candidate_candidate,cons_0010__candidate_candidate__bound4,runs/user/common_core_pg_noop_db_checker/candidate_sql/CONS_0010__postgres.sql,runs/user/common_core_pg_noop_db_checker/candidate_sql/CONS_0010__postgres.sql,verieql,finite_bound,4,30,1,NSE,unsupported,unsupported,312540.4802579433,/tmp/sqlrb_verieql_pg_noop_identity_guard_reclassification_v0/candidate_candidate/results/verieql_pg_noop_identity_guard_reclassification_v0/verifier/tools/verieql/cons_0010__candidate_candidate__bound4/raw_stdout.txt,/tmp/sqlrb_verieql_pg_noop_identity_guard_reclassification_v0/candidate_candidate/results/verieql_pg_noop_identity_guard_reclassification_v0/verifier/tools/verieql/cons_0010__candidate_candidate__bound4/raw_stderr.txt,/tmp/sqlrb_verieql_pg_noop_identity_guard_reclassification_v0/candidate_candidate/results/verieql_pg_noop_identity_guard_reclassification_v0/verifier/tools/verieql/batch/verieql_output.jsonl,false,true,false,false
CONS_0011,CONS,postgres,sqlglot_noop,noop,source_source,cons_0011__source_source__bound4,cases/CONS/CONS_0011/sql/source.sql,cases/CONS/CONS_0011/sql/source.sql,verieql,finite_bound,4,30,1,NSE,unsupported,unsupported,315474.58446293604,/tmp/sqlrb_verieql_pg_noop_identity_guard_reclassification_v0/source_source/results/verieql_pg_noop_identity_guard_reclassification_v0/verifier/tools/verieql/cons_0011__source_source__bound4/raw_stdout.txt,/tmp/sqlrb_verieql_pg_noop_identity_guard_reclassification_v0/source_source/results/verieql_pg_noop_identity_guard_reclassification_v0/verifier/tools/verieql/cons_0011__source_source__bound4/raw_stderr.txt,/tmp/sqlrb_verieql_pg_noop_identity_guard_reclassification_v0/source_source/results/verieql_pg_noop_identity_guard_reclassification_v0/verifier/tools/verieql/batch/verieql_output.jsonl,false,true,false,false
CONS_0011,CONS,postgres,sqlglot_noop,noop,candidate_candidate,cons_0011__candidate_candidate__bound4,runs/user/common_core_pg_noop_db_checker/candidate_sql/CONS_0011__postgres.sql,runs/user/common_core_pg_noop_db_checker/candidate_sql/CONS_0011__postgres.sql,verieql,finite_bound,4,30,1,NSE,unsupported,unsupported,312540.4802579433,/tmp/sqlrb_verieql_pg_noop_identity_guard_reclassification_v0/candidate_candidate/results/verieql_pg_noop_identity_guard_reclassification_v0/verifier/tools/verieql/cons_0011__candidate_candidate__bound4/raw_stdout.txt,/tmp/sqlrb_verieql_pg_noop_identity_guard_reclassification_v0/candidate_candidate/results/verieql_pg_noop_identity_guard_reclassification_v0/verifier/tools/verieql/cons_0011__candidate_candidate__bound4/raw_stderr.txt,/tmp/sqlrb_verieql_pg_noop_identity_guard_reclassification_v0/candidate_candidate/results/verieql_pg_noop_identity_guard_reclassification_v0/verifier/tools/verieql/batch/verieql_output.jsonl,false,true,false,false
CONS_0012,CONS,postgres,sqlglot_noop,noop,source_source,cons_0012__source_source__bound4,cases/CONS/CONS_0012/sql/source.sql,cases/CONS/CONS_0012/sql/source.sql,verieql,finite_bound,4,30,1,NSE,unsupported,unsupported,315474.58446293604,/tmp/sqlrb_verieql_pg_noop_identity_guard_reclassification_v0/source_source/results/verieql_pg_noop_identity_guard_reclassification_v0/verifier/tools/verieql/cons_0012__source_source__bound4/raw_stdout.txt,/tmp/sqlrb_verieql_pg_noop_identity_guard_reclassification_v0/source_source/results/verieql_pg_noop_identity_guard_reclassification_v0/verifier/tools/verieql/cons_0012__source_source__bound4/raw_stderr.txt,/tmp/sqlrb_verieql_pg_noop_identity_guard_reclassification_v0/source_source/results/verieql_pg_noop_identity_guard_reclassification_v0/verifier/tools/verieql/batch/verieql_output.jsonl,false,true,false,false
CONS_0012,CONS,postgres,sqlglot_noop,noop,candidate_candidate,cons_0012__candidate_candidate__bound4,runs/user/common_core_pg_noop_db_checker/candidate_sql/CONS_0012__postgres.sql,runs/user/common_core_pg_noop_db_checker/candidate_sql/CONS_0012__postgres.sql,verieql,finite_bound,4,30,1,NSE,unsupported,unsupported,312540.4802579433,/tmp/sqlrb_verieql_pg_noop_identity_guard_reclassification_v0/candidate_candidate/results/verieql_pg_noop_identity_guard_reclassification_v0/verifier/tools/verieql/cons_0012__candidate_candidate__bound4/raw_stdout.txt,/tmp/sqlrb_verieql_pg_noop_identity_guard_reclassification_v0/candidate_candidate/results/verieql_pg_noop_identity_guard_reclassification_v0/verifier/tools/verieql/cons_0012__candidate_candidate__bound4/raw_stderr.txt,/tmp/sqlrb_verieql_pg_noop_identity_guard_reclassification_v0/candidate_candidate/results/verieql_pg_noop_identity_guard_reclassification_v0/verifier/tools/verieql/batch/verieql_output.jsonl,false,true,false,false
CONS_0024,CONS,postgres,sqlglot_noop,noop,source_source,cons_0024__source_source__bound4,cases/CONS/CONS_0024/sql/source.sql,cases/CONS/CONS_0024/sql/source.sql,verieql,finite_bound,4,30,1,NSE,unsupported,unsupported,315474.58446293604,/tmp/sqlrb_verieql_pg_noop_identity_guard_reclassification_v0/source_source/results/verieql_pg_noop_identity_guard_reclassification_v0/verifier/tools/verieql/cons_0024__source_source__bound4/raw_stdout.txt,/tmp/sqlrb_verieql_pg_noop_identity_guard_reclassification_v0/source_source/results/verieql_pg_noop_identity_guard_reclassification_v0/verifier/tools/verieql/cons_0024__source_source__bound4/raw_stderr.txt,/tmp/sqlrb_verieql_pg_noop_identity_guard_reclassification_v0/source_source/results/verieql_pg_noop_identity_guard_reclassification_v0/verifier/tools/verieql/batch/verieql_output.jsonl,false,true,false,false
CONS_0024,CONS,postgres,sqlglot_noop,noop,candidate_candidate,cons_0024__candidate_candidate__bound4,runs/user/common_core_pg_noop_db_checker/candidate_sql/CONS_0024__postgres.sql,runs/user/common_core_pg_noop_db_checker/candidate_sql/CONS_0024__postgres.sql,verieql,finite_bound,4,30,1,NSE,unsupported,unsupported,312540.4802579433,/tmp/sqlrb_verieql_pg_noop_identity_guard_reclassification_v0/candidate_candidate/results/verieql_pg_noop_identity_guard_reclassification_v0/verifier/tools/verieql/cons_0024__candidate_candidate__bound4/raw_stdout.txt,/tmp/sqlrb_verieql_pg_noop_identity_guard_reclassification_v0/candidate_candidate/results/verieql_pg_noop_identity_guard_reclassification_v0/verifier/tools/verieql/cons_0024__candidate_candidate__bound4/raw_stderr.txt,/tmp/sqlrb_verieql_pg_noop_identity_guard_reclassification_v0/candidate_candidate/results/verieql_pg_noop_identity_guard_reclassification_v0/verifier/tools/verieql/batch/verieql_output.jsonl,false,true,false,false
CONS_0036,CONS,postgres,sqlglot_noop,noop,source_source,cons_0036__source_source__bound4,cases/CONS/CONS_0036/sql/source.sql,cases/CONS/CONS_0036/sql/source.sql,verieql,finite_bound,4,30,1,EQU|EQU|EQU|EQU,equivalent,completed,315474.58446293604,/tmp/sqlrb_verieql_pg_noop_identity_guard_reclassification_v0/source_source/results/verieql_pg_noop_identity_guard_reclassification_v0/verifier/tools/verieql/cons_0036__source_source__bound4/raw_stdout.txt,/tmp/sqlrb_verieql_pg_noop_identity_guard_reclassification_v0/source_source/results/verieql_pg_noop_identity_guard_reclassification_v0/verifier/tools/verieql/cons_0036__source_source__bound4/raw_stderr.txt,/tmp/sqlrb_verieql_pg_noop_identity_guard_reclassification_v0/source_source/results/verieql_pg_noop_identity_guard_reclassification_v0/verifier/tools/verieql/batch/verieql_output.jsonl,false,true,false,false
CONS_0036,CONS,postgres,sqlglot_noop,noop,candidate_candidate,cons_0036__candidate_candidate__bound4,runs/user/common_core_pg_noop_db_checker/candidate_sql/CONS_0036__postgres.sql,runs/user/common_core_pg_noop_db_checker/candidate_sql/CONS_0036__postgres.sql,verieql,finite_bound,4,30,1,EQU|EQU|EQU|EQU,equivalent,completed,312540.4802579433,/tmp/sqlrb_verieql_pg_noop_identity_guard_reclassification_v0/candidate_candidate/results/verieql_pg_noop_identity_guard_reclassification_v0/verifier/tools/verieql/cons_0036__candidate_candidate__bound4/raw_stdout.txt,/tmp/sqlrb_verieql_pg_noop_identity_guard_reclassification_v0/candidate_candidate/results/verieql_pg_noop_identity_guard_reclassification_v0/verifier/tools/verieql/cons_0036__candidate_candidate__bound4/raw_stderr.txt,/tmp/sqlrb_verieql_pg_noop_identity_guard_reclassification_v0/candidate_candidate/results/verieql_pg_noop_identity_guard_reclassification_v0/verifier/tools/verieql/batch/verieql_output.jsonl,false,true,false,false
CONS_0037,CONS,postgres,sqlglot_noop,noop,source_source,cons_0037__source_source__bound4,cases/CONS/CONS_0037/sql/source.sql,cases/CONS/CONS_0037/sql/source.sql,verieql,finite_bound,4,30,1,EQU|EQU|EQU|EQU,equivalent,completed,315474.58446293604,/tmp/sqlrb_verieql_pg_noop_identity_guard_reclassification_v0/source_source/results/verieql_pg_noop_identity_guard_reclassification_v0/verifier/tools/verieql/cons_0037__source_source__bound4/raw_stdout.txt,/tmp/sqlrb_verieql_pg_noop_identity_guard_reclassification_v0/source_source/results/verieql_pg_noop_identity_guard_reclassification_v0/verifier/tools/verieql/cons_0037__source_source__bound4/raw_stderr.txt,/tmp/sqlrb_verieql_pg_noop_identity_guard_reclassification_v0/source_source/results/verieql_pg_noop_identity_guard_reclassification_v0/verifier/tools/verieql/batch/verieql_output.jsonl,false,true,false,false
CONS_0037,CONS,postgres,sqlglot_noop,noop,candidate_candidate,cons_0037__candidate_candidate__bound4,runs/user/common_core_pg_noop_db_checker/candidate_sql/CONS_0037__postgres.sql,runs/user/common_core_pg_noop_db_checker/candidate_sql/CONS_0037__postgres.sql,verieql,finite_bound,4,30,1,EQU|EQU|EQU|EQU,equivalent,completed,312540.4802579433,/tmp/sqlrb_verieql_pg_noop_identity_guard_reclassification_v0/candidate_candidate/results/verieql_pg_noop_identity_guard_reclassification_v0/verifier/tools/verieql/cons_0037__candidate_candidate__bound4/raw_stdout.txt,/tmp/sqlrb_verieql_pg_noop_identity_guard_reclassification_v0/candidate_candidate/results/verieql_pg_noop_identity_guard_reclassification_v0/verifier/tools/verieql/cons_0037__candidate_candidate__bound4/raw_stderr.txt,/tmp/sqlrb_verieql_pg_noop_identity_guard_reclassification_v0/candidate_candidate/results/verieql_pg_noop_identity_guard_reclassification_v0/verifier/tools/verieql/batch/verieql_output.jsonl,false,true,false,false
PORT_0003,PORT,postgres,sqlglot_noop,noop,source_source,port_0003__source_source__bound4,cases/PORT/PORT_0003/sql/source.sql,cases/PORT/PORT_0003/sql/source.sql,verieql,finite_bound,4,30,1,EQU|EQU|EQU|EQU,equivalent,completed,315474.58446293604,/tmp/sqlrb_verieql_pg_noop_identity_guard_reclassification_v0/source_source/results/verieql_pg_noop_identity_guard_reclassification_v0/verifier/tools/verieql/port_0003__source_source__bound4/raw_stdout.txt,/tmp/sqlrb_verieql_pg_noop_identity_guard_reclassification_v0/source_source/results/verieql_pg_noop_identity_guard_reclassification_v0/verifier/tools/verieql/port_0003__source_source__bound4/raw_stderr.txt,/tmp/sqlrb_verieql_pg_noop_identity_guard_reclassification_v0/source_source/results/verieql_pg_noop_identity_guard_reclassification_v0/verifier/tools/verieql/batch/verieql_output.jsonl,false,true,false,false
PORT_0003,PORT,postgres,sqlglot_noop,noop,candidate_candidate,port_0003__candidate_candidate__bound4,runs/user/common_core_pg_noop_db_checker/candidate_sql/PORT_0003__postgres.sql,runs/user/common_core_pg_noop_db_checker/candidate_sql/PORT_0003__postgres.sql,verieql,finite_bound,4,30,1,EQU|EQU|EQU|EQU,equivalent,completed,312540.4802579433,/tmp/sqlrb_verieql_pg_noop_identity_guard_reclassification_v0/candidate_candidate/results/verieql_pg_noop_identity_guard_reclassification_v0/verifier/tools/verieql/port_0003__candidate_candidate__bound4/raw_stdout.txt,/tmp/sqlrb_verieql_pg_noop_identity_guard_reclassification_v0/candidate_candidate/results/verieql_pg_noop_identity_guard_reclassification_v0/verifier/tools/verieql/port_0003__candidate_candidate__bound4/raw_stderr.txt,/tmp/sqlrb_verieql_pg_noop_identity_guard_reclassification_v0/candidate_candidate/results/verieql_pg_noop_identity_guard_reclassification_v0/verifier/tools/verieql/batch/verieql_output.jsonl,false,true,false,false
PORT_0005,PORT,postgres,sqlglot_noop,noop,source_source,port_0005__source_source__bound4,cases/PORT/PORT_0005/sql/source.sql,cases/PORT/PORT_0005/sql/source.sql,verieql,finite_bound,4,30,1,EQU|EQU|EQU|EQU,equivalent,completed,315474.58446293604,/tmp/sqlrb_verieql_pg_noop_identity_guard_reclassification_v0/source_source/results/verieql_pg_noop_identity_guard_reclassification_v0/verifier/tools/verieql/port_0005__source_source__bound4/raw_stdout.txt,/tmp/sqlrb_verieql_pg_noop_identity_guard_reclassification_v0/source_source/results/verieql_pg_noop_identity_guard_reclassification_v0/verifier/tools/verieql/port_0005__source_source__bound4/raw_stderr.txt,/tmp/sqlrb_verieql_pg_noop_identity_guard_reclassification_v0/source_source/results/verieql_pg_noop_identity_guard_reclassification_v0/verifier/tools/verieql/batch/verieql_output.jsonl,false,true,false,false
PORT_0005,PORT,postgres,sqlglot_noop,noop,candidate_candidate,port_0005__candidate_candidate__bound4,runs/user/common_core_pg_noop_db_checker/candidate_sql/PORT_0005__postgres.sql,runs/user/common_core_pg_noop_db_checker/candidate_sql/PORT_0005__postgres.sql,verieql,finite_bound,4,30,1,EQU|EQU|EQU|EQU,equivalent,completed,312540.4802579433,/tmp/sqlrb_verieql_pg_noop_identity_guard_reclassification_v0/candidate_candidate/results/verieql_pg_noop_identity_guard_reclassification_v0/verifier/tools/verieql/port_0005__candidate_candidate__bound4/raw_stdout.txt,/tmp/sqlrb_verieql_pg_noop_identity_guard_reclassification_v0/candidate_candidate/results/verieql_pg_noop_identity_guard_reclassification_v0/verifier/tools/verieql/port_0005__candidate_candidate__bound4/raw_stderr.txt,/tmp/sqlrb_verieql_pg_noop_identity_guard_reclassification_v0/candidate_candidate/results/verieql_pg_noop_identity_guard_reclassification_v0/verifier/tools/verieql/batch/verieql_output.jsonl,false,true,false,false
PORT_0008,PORT,postgres,sqlglot_noop,noop,source_source,port_0008__source_source__bound4,cases/PORT/PORT_0008/sql/source.sql,cases/PORT/PORT_0008/sql/source.sql,verieql,finite_bound,4,30,1,NIE,not_implemented,not_implemented,315474.58446293604,/tmp/sqlrb_verieql_pg_noop_identity_guard_reclassification_v0/source_source/results/verieql_pg_noop_identity_guard_reclassification_v0/verifier/tools/verieql/port_0008__source_source__bound4/raw_stdout.txt,/tmp/sqlrb_verieql_pg_noop_identity_guard_reclassification_v0/source_source/results/verieql_pg_noop_identity_guard_reclassification_v0/verifier/tools/verieql/port_0008__source_source__bound4/raw_stderr.txt,/tmp/sqlrb_verieql_pg_noop_identity_guard_reclassification_v0/source_source/results/verieql_pg_noop_identity_guard_reclassification_v0/verifier/tools/verieql/batch/verieql_output.jsonl,false,true,false,false
PORT_0008,PORT,postgres,sqlglot_noop,noop,candidate_candidate,port_0008__candidate_candidate__bound4,runs/user/common_core_pg_noop_db_checker/candidate_sql/PORT_0008__postgres.sql,runs/user/common_core_pg_noop_db_checker/candidate_sql/PORT_0008__postgres.sql,verieql,finite_bound,4,30,1,NIE,not_implemented,not_implemented,312540.4802579433,/tmp/sqlrb_verieql_pg_noop_identity_guard_reclassification_v0/candidate_candidate/results/verieql_pg_noop_identity_guard_reclassification_v0/verifier/tools/verieql/port_0008__candidate_candidate__bound4/raw_stdout.txt,/tmp/sqlrb_verieql_pg_noop_identity_guard_reclassification_v0/candidate_candidate/results/verieql_pg_noop_identity_guard_reclassification_v0/verifier/tools/verieql/port_0008__candidate_candidate__bound4/raw_stderr.txt,/tmp/sqlrb_verieql_pg_noop_identity_guard_reclassification_v0/candidate_candidate/results/verieql_pg_noop_identity_guard_reclassification_v0/verifier/tools/verieql/batch/verieql_output.jsonl,false,true,false,false
PORT_0012,PORT,postgres,sqlglot_noop,noop,source_source,port_0012__source_source__bound4,cases/PORT/PORT_0012/sql/source.sql,cases/PORT/PORT_0012/sql/source.sql,verieql,finite_bound,4,30,1,OTE,tool_error,tool_error,315474.58446293604,/tmp/sqlrb_verieql_pg_noop_identity_guard_reclassification_v0/source_source/results/verieql_pg_noop_identity_guard_reclassification_v0/verifier/tools/verieql/port_0012__source_source__bound4/raw_stdout.txt,/tmp/sqlrb_verieql_pg_noop_identity_guard_reclassification_v0/source_source/results/verieql_pg_noop_identity_guard_reclassification_v0/verifier/tools/verieql/port_0012__source_source__bound4/raw_stderr.txt,/tmp/sqlrb_verieql_pg_noop_identity_guard_reclassification_v0/source_source/results/verieql_pg_noop_identity_guard_reclassification_v0/verifier/tools/verieql/batch/verieql_output.jsonl,false,true,false,false
PORT_0012,PORT,postgres,sqlglot_noop,noop,candidate_candidate,port_0012__candidate_candidate__bound4,runs/user/common_core_pg_noop_db_checker/candidate_sql/PORT_0012__postgres.sql,runs/user/common_core_pg_noop_db_checker/candidate_sql/PORT_0012__postgres.sql,verieql,finite_bound,4,30,1,OTE,tool_error,tool_error,312540.4802579433,/tmp/sqlrb_verieql_pg_noop_identity_guard_reclassification_v0/candidate_candidate/results/verieql_pg_noop_identity_guard_reclassification_v0/verifier/tools/verieql/port_0012__candidate_candidate__bound4/raw_stdout.txt,/tmp/sqlrb_verieql_pg_noop_identity_guard_reclassification_v0/candidate_candidate/results/verieql_pg_noop_identity_guard_reclassification_v0/verifier/tools/verieql/port_0012__candidate_candidate__bound4/raw_stderr.txt,/tmp/sqlrb_verieql_pg_noop_identity_guard_reclassification_v0/candidate_candidate/results/verieql_pg_noop_identity_guard_reclassification_v0/verifier/tools/verieql/batch/verieql_output.jsonl,false,true,false,false
LONGTAIL_0011,LONGTAIL,postgres,sqlglot_noop,noop,source_source,longtail_0011__source_source__bound4,cases/LONGTAIL/LONGTAIL_0011/sql/source.sql,cases/LONGTAIL/LONGTAIL_0011/sql/source.sql,verieql,finite_bound,4,30,1,NSE,unsupported,unsupported,315474.58446293604,/tmp/sqlrb_verieql_pg_noop_identity_guard_reclassification_v0/source_source/results/verieql_pg_noop_identity_guard_reclassification_v0/verifier/tools/verieql/longtail_0011__source_source__bound4/raw_stdout.txt,/tmp/sqlrb_verieql_pg_noop_identity_guard_reclassification_v0/source_source/results/verieql_pg_noop_identity_guard_reclassification_v0/verifier/tools/verieql/longtail_0011__source_source__bound4/raw_stderr.txt,/tmp/sqlrb_verieql_pg_noop_identity_guard_reclassification_v0/source_source/results/verieql_pg_noop_identity_guard_reclassification_v0/verifier/tools/verieql/batch/verieql_output.jsonl,false,true,false,false
LONGTAIL_0011,LONGTAIL,postgres,sqlglot_noop,noop,candidate_candidate,longtail_0011__candidate_candidate__bound4,runs/user/common_core_pg_noop_db_checker/candidate_sql/LONGTAIL_0011__postgres.sql,runs/user/common_core_pg_noop_db_checker/candidate_sql/LONGTAIL_0011__postgres.sql,verieql,finite_bound,4,30,1,NSE,unsupported,unsupported,312540.4802579433,/tmp/sqlrb_verieql_pg_noop_identity_guard_reclassification_v0/candidate_candidate/results/verieql_pg_noop_identity_guard_reclassification_v0/verifier/tools/verieql/longtail_0011__candidate_candidate__bound4/raw_stdout.txt,/tmp/sqlrb_verieql_pg_noop_identity_guard_reclassification_v0/candidate_candidate/results/verieql_pg_noop_identity_guard_reclassification_v0/verifier/tools/verieql/longtail_0011__candidate_candidate__bound4/raw_stderr.txt,/tmp/sqlrb_verieql_pg_noop_identity_guard_reclassification_v0/candidate_candidate/results/verieql_pg_noop_identity_guard_reclassification_v0/verifier/tools/verieql/batch/verieql_output.jsonl,false,true,false,false
LONGTAIL_0012,LONGTAIL,postgres,sqlglot_noop,noop,source_source,longtail_0012__source_source__bound4,cases/LONGTAIL/LONGTAIL_0012/sql/source.sql,cases/LONGTAIL/LONGTAIL_0012/sql/source.sql,verieql,finite_bound,4,30,1,NSE,unsupported,unsupported,315474.58446293604,/tmp/sqlrb_verieql_pg_noop_identity_guard_reclassification_v0/source_source/results/verieql_pg_noop_identity_guard_reclassification_v0/verifier/tools/verieql/longtail_0012__source_source__bound4/raw_stdout.txt,/tmp/sqlrb_verieql_pg_noop_identity_guard_reclassification_v0/source_source/results/verieql_pg_noop_identity_guard_reclassification_v0/verifier/tools/verieql/longtail_0012__source_source__bound4/raw_stderr.txt,/tmp/sqlrb_verieql_pg_noop_identity_guard_reclassification_v0/source_source/results/verieql_pg_noop_identity_guard_reclassification_v0/verifier/tools/verieql/batch/verieql_output.jsonl,false,true,false,false
LONGTAIL_0012,LONGTAIL,postgres,sqlglot_noop,noop,candidate_candidate,longtail_0012__candidate_candidate__bound4,runs/user/common_core_pg_noop_db_checker/candidate_sql/LONGTAIL_0012__postgres.sql,runs/user/common_core_pg_noop_db_checker/candidate_sql/LONGTAIL_0012__postgres.sql,verieql,finite_bound,4,30,1,NSE,unsupported,unsupported,312540.4802579433,/tmp/sqlrb_verieql_pg_noop_identity_guard_reclassification_v0/candidate_candidate/results/verieql_pg_noop_identity_guard_reclassification_v0/verifier/tools/verieql/longtail_0012__candidate_candidate__bound4/raw_stdout.txt,/tmp/sqlrb_verieql_pg_noop_identity_guard_reclassification_v0/candidate_candidate/results/verieql_pg_noop_identity_guard_reclassification_v0/verifier/tools/verieql/longtail_0012__candidate_candidate__bound4/raw_stderr.txt,/tmp/sqlrb_verieql_pg_noop_identity_guard_reclassification_v0/candidate_candidate/results/verieql_pg_noop_identity_guard_reclassification_v0/verifier/tools/verieql/batch/verieql_output.jsonl,false,true,false,false
LONGTAIL_0013,LONGTAIL,postgres,sqlglot_noop,noop,source_source,longtail_0013__source_source__bound4,cases/LONGTAIL/LONGTAIL_0013/sql/source.sql,cases/LONGTAIL/LONGTAIL_0013/sql/source.sql,verieql,finite_bound,4,30,1,NSE,unsupported,unsupported,315474.58446293604,/tmp/sqlrb_verieql_pg_noop_identity_guard_reclassification_v0/source_source/results/verieql_pg_noop_identity_guard_reclassification_v0/verifier/tools/verieql/longtail_0013__source_source__bound4/raw_stdout.txt,/tmp/sqlrb_verieql_pg_noop_identity_guard_reclassification_v0/source_source/results/verieql_pg_noop_identity_guard_reclassification_v0/verifier/tools/verieql/longtail_0013__source_source__bound4/raw_stderr.txt,/tmp/sqlrb_verieql_pg_noop_identity_guard_reclassification_v0/source_source/results/verieql_pg_noop_identity_guard_reclassification_v0/verifier/tools/verieql/batch/verieql_output.jsonl,false,true,false,false
LONGTAIL_0013,LONGTAIL,postgres,sqlglot_noop,noop,candidate_candidate,longtail_0013__candidate_candidate__bound4,runs/user/common_core_pg_noop_db_checker/candidate_sql/LONGTAIL_0013__postgres.sql,runs/user/common_core_pg_noop_db_checker/candidate_sql/LONGTAIL_0013__postgres.sql,verieql,finite_bound,4,30,1,NSE,unsupported,unsupported,312540.4802579433,/tmp/sqlrb_verieql_pg_noop_identity_guard_reclassification_v0/candidate_candidate/results/verieql_pg_noop_identity_guard_reclassification_v0/verifier/tools/verieql/longtail_0013__candidate_candidate__bound4/raw_stdout.txt,/tmp/sqlrb_verieql_pg_noop_identity_guard_reclassification_v0/candidate_candidate/results/verieql_pg_noop_identity_guard_reclassification_v0/verifier/tools/verieql/longtail_0013__candidate_candidate__bound4/raw_stderr.txt,/tmp/sqlrb_verieql_pg_noop_identity_guard_reclassification_v0/candidate_candidate/results/verieql_pg_noop_identity_guard_reclassification_v0/verifier/tools/verieql/batch/verieql_output.jsonl,false,true,false,false
LONGTAIL_0022,LONGTAIL,postgres,sqlglot_noop,noop,source_source,longtail_0022__source_source__bound4,cases/LONGTAIL/LONGTAIL_0022/sql/source.sql,cases/LONGTAIL/LONGTAIL_0022/sql/source.sql,verieql,finite_bound,4,30,1,EQU|EQU|TMO,timeout,timeout,315474.58446293604,/tmp/sqlrb_verieql_pg_noop_identity_guard_reclassification_v0/source_source/results/verieql_pg_noop_identity_guard_reclassification_v0/verifier/tools/verieql/longtail_0022__source_source__bound4/raw_stdout.txt,/tmp/sqlrb_verieql_pg_noop_identity_guard_reclassification_v0/source_source/results/verieql_pg_noop_identity_guard_reclassification_v0/verifier/tools/verieql/longtail_0022__source_source__bound4/raw_stderr.txt,/tmp/sqlrb_verieql_pg_noop_identity_guard_reclassification_v0/source_source/results/verieql_pg_noop_identity_guard_reclassification_v0/verifier/tools/verieql/batch/verieql_output.jsonl,false,true,false,false
LONGTAIL_0022,LONGTAIL,postgres,sqlglot_noop,noop,candidate_candidate,longtail_0022__candidate_candidate__bound4,runs/user/common_core_pg_noop_db_checker/candidate_sql/LONGTAIL_0022__postgres.sql,runs/user/common_core_pg_noop_db_checker/candidate_sql/LONGTAIL_0022__postgres.sql,verieql,finite_bound,4,30,1,EQU|EQU|TMO,timeout,timeout,312540.4802579433,/tmp/sqlrb_verieql_pg_noop_identity_guard_reclassification_v0/candidate_candidate/results/verieql_pg_noop_identity_guard_reclassification_v0/verifier/tools/verieql/longtail_0022__candidate_candidate__bound4/raw_stdout.txt,/tmp/sqlrb_verieql_pg_noop_identity_guard_reclassification_v0/candidate_candidate/results/verieql_pg_noop_identity_guard_reclassification_v0/verifier/tools/verieql/longtail_0022__candidate_candidate__bound4/raw_stderr.txt,/tmp/sqlrb_verieql_pg_noop_identity_guard_reclassification_v0/candidate_candidate/results/verieql_pg_noop_identity_guard_reclassification_v0/verifier/tools/verieql/batch/verieql_output.jsonl,false,true,false,false
LONGTAIL_0023,LONGTAIL,postgres,sqlglot_noop,noop,source_source,longtail_0023__source_source__bound4,cases/LONGTAIL/LONGTAIL_0023/sql/source.sql,cases/LONGTAIL/LONGTAIL_0023/sql/source.sql,verieql,finite_bound,4,30,1,EQU|NEQ,non_equivalent,completed,315474.58446293604,/tmp/sqlrb_verieql_pg_noop_identity_guard_reclassification_v0/source_source/results/verieql_pg_noop_identity_guard_reclassification_v0/verifier/tools/verieql/longtail_0023__source_source__bound4/raw_stdout.txt,/tmp/sqlrb_verieql_pg_noop_identity_guard_reclassification_v0/source_source/results/verieql_pg_noop_identity_guard_reclassification_v0/verifier/tools/verieql/longtail_0023__source_source__bound4/raw_stderr.txt,/tmp/sqlrb_verieql_pg_noop_identity_guard_reclassification_v0/source_source/results/verieql_pg_noop_identity_guard_reclassification_v0/verifier/tools/verieql/batch/verieql_output.jsonl,false,true,false,false
LONGTAIL_0023,LONGTAIL,postgres,sqlglot_noop,noop,candidate_candidate,longtail_0023__candidate_candidate__bound4,runs/user/common_core_pg_noop_db_checker/candidate_sql/LONGTAIL_0023__postgres.sql,runs/user/common_core_pg_noop_db_checker/candidate_sql/LONGTAIL_0023__postgres.sql,verieql,finite_bound,4,30,1,EQU|NEQ,non_equivalent,completed,312540.4802579433,/tmp/sqlrb_verieql_pg_noop_identity_guard_reclassification_v0/candidate_candidate/results/verieql_pg_noop_identity_guard_reclassification_v0/verifier/tools/verieql/longtail_0023__candidate_candidate__bound4/raw_stdout.txt,/tmp/sqlrb_verieql_pg_noop_identity_guard_reclassification_v0/candidate_candidate/results/verieql_pg_noop_identity_guard_reclassification_v0/verifier/tools/verieql/longtail_0023__candidate_candidate__bound4/raw_stderr.txt,/tmp/sqlrb_verieql_pg_noop_identity_guard_reclassification_v0/candidate_candidate/results/verieql_pg_noop_identity_guard_reclassification_v0/verifier/tools/verieql/batch/verieql_output.jsonl,false,true,false,false
LONGTAIL_0024,LONGTAIL,postgres,sqlglot_noop,noop,source_source,longtail_0024__source_source__bound4,cases/LONGTAIL/LONGTAIL_0024/sql/source.sql,cases/LONGTAIL/LONGTAIL_0024/sql/source.sql,verieql,finite_bound,4,30,1,EQU|EQU|EQU|TMO,timeout,timeout,315474.58446293604,/tmp/sqlrb_verieql_pg_noop_identity_guard_reclassification_v0/source_source/results/verieql_pg_noop_identity_guard_reclassification_v0/verifier/tools/verieql/longtail_0024__source_source__bound4/raw_stdout.txt,/tmp/sqlrb_verieql_pg_noop_identity_guard_reclassification_v0/source_source/results/verieql_pg_noop_identity_guard_reclassification_v0/verifier/tools/verieql/longtail_0024__source_source__bound4/raw_stderr.txt,/tmp/sqlrb_verieql_pg_noop_identity_guard_reclassification_v0/source_source/results/verieql_pg_noop_identity_guard_reclassification_v0/verifier/tools/verieql/batch/verieql_output.jsonl,false,true,false,false
LONGTAIL_0024,LONGTAIL,postgres,sqlglot_noop,noop,candidate_candidate,longtail_0024__candidate_candidate__bound4,runs/user/common_core_pg_noop_db_checker/candidate_sql/LONGTAIL_0024__postgres.sql,runs/user/common_core_pg_noop_db_checker/candidate_sql/LONGTAIL_0024__postgres.sql,verieql,finite_bound,4,30,1,EQU|EQU|EQU|TMO,timeout,timeout,312540.4802579433,/tmp/sqlrb_verieql_pg_noop_identity_guard_reclassification_v0/candidate_candidate/results/verieql_pg_noop_identity_guard_reclassification_v0/verifier/tools/verieql/longtail_0024__candidate_candidate__bound4/raw_stdout.txt,/tmp/sqlrb_verieql_pg_noop_identity_guard_reclassification_v0/candidate_candidate/results/verieql_pg_noop_identity_guard_reclassification_v0/verifier/tools/verieql/longtail_0024__candidate_candidate__bound4/raw_stderr.txt,/tmp/sqlrb_verieql_pg_noop_identity_guard_reclassification_v0/candidate_candidate/results/verieql_pg_noop_identity_guard_reclassification_v0/verifier/tools/verieql/batch/verieql_output.jsonl,false,true,false,false
