case_id,pool,engine,method_id,route_id,source_sql_path,schema_path,candidate_generated,candidate_sql_path,candidate_sql_sha256,candidate_sql_bytes,failure_bucket,fail_closed_reason,calcite_runtime_status,adapter_exit_code,emission_mode,route_stage_reached,blocker_stage,blocker_category,stdout_trace_path,stderr_trace_path,local_only,official_metric_input,paper_result,source_like_status,candidate_review_status
PERF_0006,PERF,postgres,calcite_hep_fail_closed,calcite_hep_fail_closed,cases/PERF/PERF_0006/sql/source.sql,schemas/tpch_common_core_v0/postgres/ddl.sql,true,/tmp/sqlrb_calcite_hep_pg_bounded_candidate_generation_v0/run_snapshot/candidate_sql/PERF_0006__postgres.sql,896444d4db48648060344e9d30f01334d10c7e3b796d24819607b76ac425e1bd,575,none,,calcite_invocation_succeeded,0,calcite_rel_to_sql,emit,,,/tmp/sqlrb_calcite_hep_pg_bounded_candidate_generation_v0/run_snapshot/workspaces/PERF_0006/postgres/calcite_hep_runtime_stdout.txt,/tmp/sqlrb_calcite_hep_pg_bounded_candidate_generation_v0/run_snapshot/workspaces/PERF_0006/postgres/calcite_hep_runtime_stderr.txt,true,false,false,changed,generated_calcite_rel_to_sql
PERF_0007,PERF,postgres,calcite_hep_fail_closed,calcite_hep_fail_closed,cases/PERF/PERF_0007/sql/source.sql,schemas/tpch_perf0007_v0/postgres/ddl.sql,true,/tmp/sqlrb_calcite_hep_pg_bounded_candidate_generation_v0/run_snapshot/candidate_sql/PERF_0007__postgres.sql,6e4d133c25dd19e8c83def04cab33fd96af57229274fe0eac598233ef0e34184,317,none,,calcite_invocation_succeeded,0,calcite_rel_to_sql,emit,,,/tmp/sqlrb_calcite_hep_pg_bounded_candidate_generation_v0/run_snapshot/workspaces/PERF_0007/postgres/calcite_hep_runtime_stdout.txt,/tmp/sqlrb_calcite_hep_pg_bounded_candidate_generation_v0/run_snapshot/workspaces/PERF_0007/postgres/calcite_hep_runtime_stderr.txt,true,false,false,changed,generated_calcite_rel_to_sql
PERF_0008,PERF,postgres,calcite_hep_fail_closed,calcite_hep_fail_closed,cases/PERF/PERF_0008/sql/source.sql,schemas/tpch_perf0008_v0/postgres/ddl.sql,true,/tmp/sqlrb_calcite_hep_pg_bounded_candidate_generation_v0/run_snapshot/candidate_sql/PERF_0008__postgres.sql,b2de385778978e9c67b56aadc55f58daf56c9fefc9cb7035134ba133d295df3d,705,none,,calcite_invocation_succeeded,0,calcite_rel_to_sql,emit,,,/tmp/sqlrb_calcite_hep_pg_bounded_candidate_generation_v0/run_snapshot/workspaces/PERF_0008/postgres/calcite_hep_runtime_stdout.txt,/tmp/sqlrb_calcite_hep_pg_bounded_candidate_generation_v0/run_snapshot/workspaces/PERF_0008/postgres/calcite_hep_runtime_stderr.txt,true,false,false,changed,generated_calcite_rel_to_sql
PERF_0013,PERF,postgres,calcite_hep_fail_closed,calcite_hep_fail_closed,cases/PERF/PERF_0013/sql/source.sql,schemas/tpch_perf0013_v0/postgres/ddl.sql,true,/tmp/sqlrb_calcite_hep_pg_bounded_candidate_generation_v0/run_snapshot/candidate_sql/PERF_0013__postgres.sql,0f0a042b232ca09ad1410914aac1ad688b1f94151558ee7eaa044f2eb036b749,813,none,,calcite_invocation_succeeded,0,calcite_rel_to_sql,emit,,,/tmp/sqlrb_calcite_hep_pg_bounded_candidate_generation_v0/run_snapshot/workspaces/PERF_0013/postgres/calcite_hep_runtime_stdout.txt,/tmp/sqlrb_calcite_hep_pg_bounded_candidate_generation_v0/run_snapshot/workspaces/PERF_0013/postgres/calcite_hep_runtime_stderr.txt,true,false,false,changed,generated_calcite_rel_to_sql
PERF_0017,PERF,postgres,calcite_hep_fail_closed,calcite_hep_fail_closed,cases/PERF/PERF_0017/sql/source.sql,schemas/tpch_perf0017_v0/postgres/ddl.sql,true,/tmp/sqlrb_calcite_hep_pg_bounded_candidate_generation_v0/run_snapshot/candidate_sql/PERF_0017__postgres.sql,abafd4c5015e589eef4774de1b655db840545a8964f89821ba0adc680b4f63e1,930,none,,calcite_invocation_succeeded,0,calcite_rel_to_sql,emit,,,/tmp/sqlrb_calcite_hep_pg_bounded_candidate_generation_v0/run_snapshot/workspaces/PERF_0017/postgres/calcite_hep_runtime_stdout.txt,/tmp/sqlrb_calcite_hep_pg_bounded_candidate_generation_v0/run_snapshot/workspaces/PERF_0017/postgres/calcite_hep_runtime_stderr.txt,true,false,false,changed,generated_calcite_rel_to_sql
PERF_0019,PERF,postgres,calcite_hep_fail_closed,calcite_hep_fail_closed,cases/PERF/PERF_0019/sql/source.sql,schemas/tpch_perf0019_v0/postgres/ddl.sql,true,/tmp/sqlrb_calcite_hep_pg_bounded_candidate_generation_v0/run_snapshot/candidate_sql/PERF_0019__postgres.sql,2b6c509b8d49f45578a8cfbabba4e40ee07e808b74f61da8e21a54d89ff60dd4,342,none,,calcite_invocation_succeeded,0,calcite_rel_to_sql,emit,,,/tmp/sqlrb_calcite_hep_pg_bounded_candidate_generation_v0/run_snapshot/workspaces/PERF_0019/postgres/calcite_hep_runtime_stdout.txt,/tmp/sqlrb_calcite_hep_pg_bounded_candidate_generation_v0/run_snapshot/workspaces/PERF_0019/postgres/calcite_hep_runtime_stderr.txt,true,false,false,changed,generated_calcite_rel_to_sql
PERF_0024,PERF,postgres,calcite_hep_fail_closed,calcite_hep_fail_closed,cases/PERF/PERF_0024/sql/source.sql,schemas/tpch_perf0024_v0/postgres/ddl.sql,true,/tmp/sqlrb_calcite_hep_pg_bounded_candidate_generation_v0/run_snapshot/candidate_sql/PERF_0024__postgres.sql,685d71d385ef94d1f54f602b70090b6b6f1145fa5c82d0917b723f7410b233ad,622,none,,calcite_invocation_succeeded,0,calcite_rel_to_sql,emit,,,/tmp/sqlrb_calcite_hep_pg_bounded_candidate_generation_v0/run_snapshot/workspaces/PERF_0024/postgres/calcite_hep_runtime_stdout.txt,/tmp/sqlrb_calcite_hep_pg_bounded_candidate_generation_v0/run_snapshot/workspaces/PERF_0024/postgres/calcite_hep_runtime_stderr.txt,true,false,false,changed,generated_calcite_rel_to_sql
PERF_0033,PERF,postgres,calcite_hep_fail_closed,calcite_hep_fail_closed,cases/PERF/PERF_0033/sql/source.sql,schemas/tpcds_perf0033_v0/postgres/ddl.sql,true,/tmp/sqlrb_calcite_hep_pg_bounded_candidate_generation_v0/run_snapshot/candidate_sql/PERF_0033__postgres.sql,706084dde591e3489179b7686ddc3a7082c40390df44b271a47ee857d1978399,567,none,,calcite_invocation_succeeded,0,calcite_rel_to_sql,emit,,,/tmp/sqlrb_calcite_hep_pg_bounded_candidate_generation_v0/run_snapshot/workspaces/PERF_0033/postgres/calcite_hep_runtime_stdout.txt,/tmp/sqlrb_calcite_hep_pg_bounded_candidate_generation_v0/run_snapshot/workspaces/PERF_0033/postgres/calcite_hep_runtime_stderr.txt,true,false,false,changed,generated_calcite_rel_to_sql
PERF_0034,PERF,postgres,calcite_hep_fail_closed,calcite_hep_fail_closed,cases/PERF/PERF_0034/sql/source.sql,schemas/tpcds_perf0034_v0/postgres/ddl.sql,true,/tmp/sqlrb_calcite_hep_pg_bounded_candidate_generation_v0/run_snapshot/candidate_sql/PERF_0034__postgres.sql,a425f87ee378fdeed859c22293d743a1fdec4a281353ed278e1bd617c19e054f,2427,none,,calcite_invocation_succeeded,0,calcite_rel_to_sql,emit,,,/tmp/sqlrb_calcite_hep_pg_bounded_candidate_generation_v0/run_snapshot/workspaces/PERF_0034/postgres/calcite_hep_runtime_stdout.txt,/tmp/sqlrb_calcite_hep_pg_bounded_candidate_generation_v0/run_snapshot/workspaces/PERF_0034/postgres/calcite_hep_runtime_stderr.txt,true,false,false,changed,generated_calcite_rel_to_sql
PERF_0035,PERF,postgres,calcite_hep_fail_closed,calcite_hep_fail_closed,cases/PERF/PERF_0035/sql/source.sql,schemas/tpcds_perf0035_v0/postgres/ddl.sql,true,/tmp/sqlrb_calcite_hep_pg_bounded_candidate_generation_v0/run_snapshot/candidate_sql/PERF_0035__postgres.sql,b03a3198c98aca5e216337e2ca85e99deba59d6236302165acb4a092abc70f15,6833,none,,calcite_invocation_succeeded,0,calcite_rel_to_sql,emit,,,/tmp/sqlrb_calcite_hep_pg_bounded_candidate_generation_v0/run_snapshot/workspaces/PERF_0035/postgres/calcite_hep_runtime_stdout.txt,/tmp/sqlrb_calcite_hep_pg_bounded_candidate_generation_v0/run_snapshot/workspaces/PERF_0035/postgres/calcite_hep_runtime_stderr.txt,true,false,false,changed,generated_calcite_rel_to_sql
PERF_0052,PERF,postgres,calcite_hep_fail_closed,calcite_hep_fail_closed,cases/PERF/PERF_0052/sql/source.sql,schemas/tpcds_perf0052_v0/postgres/ddl.sql,true,/tmp/sqlrb_calcite_hep_pg_bounded_candidate_generation_v0/run_snapshot/candidate_sql/PERF_0052__postgres.sql,1c06d8b47c230e237ee89934ccabcda853dd8dc6975fb244c2efbed1bcb904c6,1211,none,,calcite_invocation_succeeded,0,calcite_rel_to_sql,emit,,,/tmp/sqlrb_calcite_hep_pg_bounded_candidate_generation_v0/run_snapshot/workspaces/PERF_0052/postgres/calcite_hep_runtime_stdout.txt,/tmp/sqlrb_calcite_hep_pg_bounded_candidate_generation_v0/run_snapshot/workspaces/PERF_0052/postgres/calcite_hep_runtime_stderr.txt,true,false,false,changed,generated_calcite_rel_to_sql
PERF_0054,PERF,postgres,calcite_hep_fail_closed,calcite_hep_fail_closed,cases/PERF/PERF_0054/sql/source.sql,schemas/tpcds_perf0054_v0/postgres/ddl.sql,true,/tmp/sqlrb_calcite_hep_pg_bounded_candidate_generation_v0/run_snapshot/candidate_sql/PERF_0054__postgres.sql,68b66a8425c942a380ffd3da93da4043d694ddbf665cb39745a2d82c70a9b317,599,none,,calcite_invocation_succeeded,0,calcite_rel_to_sql,emit,,,/tmp/sqlrb_calcite_hep_pg_bounded_candidate_generation_v0/run_snapshot/workspaces/PERF_0054/postgres/calcite_hep_runtime_stdout.txt,/tmp/sqlrb_calcite_hep_pg_bounded_candidate_generation_v0/run_snapshot/workspaces/PERF_0054/postgres/calcite_hep_runtime_stderr.txt,true,false,false,changed,generated_calcite_rel_to_sql
PERF_0056,PERF,postgres,calcite_hep_fail_closed,calcite_hep_fail_closed,cases/PERF/PERF_0056/sql/source.sql,schemas/tpcds_perf0056_v0/postgres/ddl.sql,true,/tmp/sqlrb_calcite_hep_pg_bounded_candidate_generation_v0/run_snapshot/candidate_sql/PERF_0056__postgres.sql,5edd26e06c6ae69789d34d52d82760332d2a28c5eed661a94549e8b79607b0bb,826,none,,calcite_invocation_succeeded,0,calcite_rel_to_sql,emit,,,/tmp/sqlrb_calcite_hep_pg_bounded_candidate_generation_v0/run_snapshot/workspaces/PERF_0056/postgres/calcite_hep_runtime_stdout.txt,/tmp/sqlrb_calcite_hep_pg_bounded_candidate_generation_v0/run_snapshot/workspaces/PERF_0056/postgres/calcite_hep_runtime_stderr.txt,true,false,false,changed,generated_calcite_rel_to_sql
PERF_0062,PERF,postgres,calcite_hep_fail_closed,calcite_hep_fail_closed,cases/PERF/PERF_0062/sql/source.sql,schemas/tpcds_perf0062_v0/postgres/ddl.sql,true,/tmp/sqlrb_calcite_hep_pg_bounded_candidate_generation_v0/run_snapshot/candidate_sql/PERF_0062__postgres.sql,1c1bcc1773d3b61fd23b158c25198fb7db2d6230bbf02adb4b38510f2fef55a6,3480,none,,calcite_invocation_succeeded,0,calcite_rel_to_sql,emit,,,/tmp/sqlrb_calcite_hep_pg_bounded_candidate_generation_v0/run_snapshot/workspaces/PERF_0062/postgres/calcite_hep_runtime_stdout.txt,/tmp/sqlrb_calcite_hep_pg_bounded_candidate_generation_v0/run_snapshot/workspaces/PERF_0062/postgres/calcite_hep_runtime_stderr.txt,true,false,false,changed,generated_calcite_rel_to_sql
PERF_0077,PERF,postgres,calcite_hep_fail_closed,calcite_hep_fail_closed,cases/PERF/PERF_0077/sql/source.sql,schemas/job_imdb_perf0077_v0/postgres/ddl.sql,true,/tmp/sqlrb_calcite_hep_pg_bounded_candidate_generation_v0/run_snapshot/candidate_sql/PERF_0077__postgres.sql,326174c555e31407b0cdd886b5a136b643d2d7a530299ae1d364c123664a9475,828,none,,calcite_invocation_succeeded,0,calcite_rel_to_sql,emit,,,/tmp/sqlrb_calcite_hep_pg_bounded_candidate_generation_v0/run_snapshot/workspaces/PERF_0077/postgres/calcite_hep_runtime_stdout.txt,/tmp/sqlrb_calcite_hep_pg_bounded_candidate_generation_v0/run_snapshot/workspaces/PERF_0077/postgres/calcite_hep_runtime_stderr.txt,true,false,false,changed,generated_calcite_rel_to_sql
PERF_0082,PERF,postgres,calcite_hep_fail_closed,calcite_hep_fail_closed,cases/PERF/PERF_0082/sql/source.sql,schemas/job_imdb_perf0082_v0/postgres/ddl.sql,true,/tmp/sqlrb_calcite_hep_pg_bounded_candidate_generation_v0/run_snapshot/candidate_sql/PERF_0082__postgres.sql,2419ed58ac6ae82c6d88ac5b34bbce4969a5bc80124ff914e9efca91111d9334,1060,none,,calcite_invocation_succeeded,0,calcite_rel_to_sql,emit,,,/tmp/sqlrb_calcite_hep_pg_bounded_candidate_generation_v0/run_snapshot/workspaces/PERF_0082/postgres/calcite_hep_runtime_stdout.txt,/tmp/sqlrb_calcite_hep_pg_bounded_candidate_generation_v0/run_snapshot/workspaces/PERF_0082/postgres/calcite_hep_runtime_stderr.txt,true,false,false,changed,generated_calcite_rel_to_sql
CONS_0005,CONS,postgres,calcite_hep_fail_closed,calcite_hep_fail_closed,cases/CONS/CONS_0005/sql/source.sql,schemas/calcite_core_sql_tests_cons0005_v0/postgres/ddl.sql,true,/tmp/sqlrb_calcite_hep_pg_bounded_candidate_generation_v0/run_snapshot/candidate_sql/CONS_0005__postgres.sql,fb5a663f7eef6f586a3c06b0759dba01024bc7b162ff1139a17abfa8c362233b,92,none,,calcite_invocation_succeeded,0,calcite_rel_to_sql,emit,,,/tmp/sqlrb_calcite_hep_pg_bounded_candidate_generation_v0/run_snapshot/workspaces/CONS_0005/postgres/calcite_hep_runtime_stdout.txt,/tmp/sqlrb_calcite_hep_pg_bounded_candidate_generation_v0/run_snapshot/workspaces/CONS_0005/postgres/calcite_hep_runtime_stderr.txt,true,false,false,changed,generated_calcite_rel_to_sql
CONS_0007,CONS,postgres,calcite_hep_fail_closed,calcite_hep_fail_closed,cases/CONS/CONS_0007/sql/source.sql,schemas/calcite_core_sql_tests_cons0007_v0/postgres/ddl.sql,true,/tmp/sqlrb_calcite_hep_pg_bounded_candidate_generation_v0/run_snapshot/candidate_sql/CONS_0007__postgres.sql,51518bb379f49f128e1de5dac49a7a0de443459953776e9f895f0046a607a3d5,194,none,,calcite_invocation_succeeded,0,calcite_rel_to_sql,emit,,,/tmp/sqlrb_calcite_hep_pg_bounded_candidate_generation_v0/run_snapshot/workspaces/CONS_0007/postgres/calcite_hep_runtime_stdout.txt,/tmp/sqlrb_calcite_hep_pg_bounded_candidate_generation_v0/run_snapshot/workspaces/CONS_0007/postgres/calcite_hep_runtime_stderr.txt,true,false,false,changed,generated_calcite_rel_to_sql
CONS_0009,CONS,postgres,calcite_hep_fail_closed,calcite_hep_fail_closed,cases/CONS/CONS_0009/sql/source.sql,schemas/calcite_core_sql_tests_cons0009_v0/postgres/ddl.sql,true,/tmp/sqlrb_calcite_hep_pg_bounded_candidate_generation_v0/run_snapshot/candidate_sql/CONS_0009__postgres.sql,45ae7a269f2a76b9ef78fd577ff9ceeb3342aeccc1f5387f6e9360134edb250a,186,none,,calcite_invocation_succeeded,0,calcite_rel_to_sql,emit,,,/tmp/sqlrb_calcite_hep_pg_bounded_candidate_generation_v0/run_snapshot/workspaces/CONS_0009/postgres/calcite_hep_runtime_stdout.txt,/tmp/sqlrb_calcite_hep_pg_bounded_candidate_generation_v0/run_snapshot/workspaces/CONS_0009/postgres/calcite_hep_runtime_stderr.txt,true,false,false,changed,generated_calcite_rel_to_sql
CONS_0010,CONS,postgres,calcite_hep_fail_closed,calcite_hep_fail_closed,cases/CONS/CONS_0010/sql/source.sql,schemas/calcite_core_sql_tests_cons0010_v0/postgres/ddl.sql,true,/tmp/sqlrb_calcite_hep_pg_bounded_candidate_generation_v0/run_snapshot/candidate_sql/CONS_0010__postgres.sql,a6cc1a779906f4dbc5e1c0c36e1d52372dacc77081883e765680eb54c8a4ba96,501,none,,calcite_invocation_succeeded,0,calcite_rel_to_sql,emit,,,/tmp/sqlrb_calcite_hep_pg_bounded_candidate_generation_v0/run_snapshot/workspaces/CONS_0010/postgres/calcite_hep_runtime_stdout.txt,/tmp/sqlrb_calcite_hep_pg_bounded_candidate_generation_v0/run_snapshot/workspaces/CONS_0010/postgres/calcite_hep_runtime_stderr.txt,true,false,false,changed,generated_calcite_rel_to_sql
CONS_0011,CONS,postgres,calcite_hep_fail_closed,calcite_hep_fail_closed,cases/CONS/CONS_0011/sql/source.sql,schemas/calcite_core_sql_tests_cons0011_v0/postgres/ddl.sql,true,/tmp/sqlrb_calcite_hep_pg_bounded_candidate_generation_v0/run_snapshot/candidate_sql/CONS_0011__postgres.sql,f5d0fd6d78614f4bf37725178a1a94484592b28698716778e67e03c2ad0c1136,189,none,,calcite_invocation_succeeded,0,calcite_rel_to_sql,emit,,,/tmp/sqlrb_calcite_hep_pg_bounded_candidate_generation_v0/run_snapshot/workspaces/CONS_0011/postgres/calcite_hep_runtime_stdout.txt,/tmp/sqlrb_calcite_hep_pg_bounded_candidate_generation_v0/run_snapshot/workspaces/CONS_0011/postgres/calcite_hep_runtime_stderr.txt,true,false,false,changed,generated_calcite_rel_to_sql
CONS_0012,CONS,postgres,calcite_hep_fail_closed,calcite_hep_fail_closed,cases/CONS/CONS_0012/sql/source.sql,schemas/calcite_core_sql_tests_cons0012_v0/postgres/ddl.sql,true,/tmp/sqlrb_calcite_hep_pg_bounded_candidate_generation_v0/run_snapshot/candidate_sql/CONS_0012__postgres.sql,d4322fe6a211d775da20d84c6ea7fbc4f98ad826aeb658c96119eef75ec889ae,192,none,,calcite_invocation_succeeded,0,calcite_rel_to_sql,emit,,,/tmp/sqlrb_calcite_hep_pg_bounded_candidate_generation_v0/run_snapshot/workspaces/CONS_0012/postgres/calcite_hep_runtime_stdout.txt,/tmp/sqlrb_calcite_hep_pg_bounded_candidate_generation_v0/run_snapshot/workspaces/CONS_0012/postgres/calcite_hep_runtime_stderr.txt,true,false,false,changed,generated_calcite_rel_to_sql
CONS_0024,CONS,postgres,calcite_hep_fail_closed,calcite_hep_fail_closed,cases/CONS/CONS_0024/sql/source.sql,schemas/calcite_core_sql_tests_cons0024_v0/postgres/ddl.sql,true,/tmp/sqlrb_calcite_hep_pg_bounded_candidate_generation_v0/run_snapshot/candidate_sql/CONS_0024__postgres.sql,accea2baeddff3b4bd7936a2f80811f32773775b74c3c6da66047ce6753b601d,228,none,,calcite_invocation_succeeded,0,calcite_rel_to_sql,emit,,,/tmp/sqlrb_calcite_hep_pg_bounded_candidate_generation_v0/run_snapshot/workspaces/CONS_0024/postgres/calcite_hep_runtime_stdout.txt,/tmp/sqlrb_calcite_hep_pg_bounded_candidate_generation_v0/run_snapshot/workspaces/CONS_0024/postgres/calcite_hep_runtime_stderr.txt,true,false,false,changed,generated_calcite_rel_to_sql
CONS_0036,CONS,postgres,calcite_hep_fail_closed,calcite_hep_fail_closed,cases/CONS/CONS_0036/sql/source.sql,schemas/verieql_cons0036_v0/postgres/ddl.sql,true,/tmp/sqlrb_calcite_hep_pg_bounded_candidate_generation_v0/run_snapshot/candidate_sql/CONS_0036__postgres.sql,b9ce348caf27d8ccc8f435e463f184c0f06cd35e790243c64f290edc2f4767ee,85,none,,calcite_invocation_succeeded,0,calcite_rel_to_sql,emit,,,/tmp/sqlrb_calcite_hep_pg_bounded_candidate_generation_v0/run_snapshot/workspaces/CONS_0036/postgres/calcite_hep_runtime_stdout.txt,/tmp/sqlrb_calcite_hep_pg_bounded_candidate_generation_v0/run_snapshot/workspaces/CONS_0036/postgres/calcite_hep_runtime_stderr.txt,true,false,false,changed,generated_calcite_rel_to_sql
CONS_0037,CONS,postgres,calcite_hep_fail_closed,calcite_hep_fail_closed,cases/CONS/CONS_0037/sql/source.sql,schemas/verieql_cons0037_v0/postgres/ddl.sql,true,/tmp/sqlrb_calcite_hep_pg_bounded_candidate_generation_v0/run_snapshot/candidate_sql/CONS_0037__postgres.sql,57f2276938836a75075823188bb3ad1c8370f51edff0e71656db9eea3e95be22,141,none,,calcite_invocation_succeeded,0,calcite_rel_to_sql,emit,,,/tmp/sqlrb_calcite_hep_pg_bounded_candidate_generation_v0/run_snapshot/workspaces/CONS_0037/postgres/calcite_hep_runtime_stdout.txt,/tmp/sqlrb_calcite_hep_pg_bounded_candidate_generation_v0/run_snapshot/workspaces/CONS_0037/postgres/calcite_hep_runtime_stderr.txt,true,false,false,changed,generated_calcite_rel_to_sql
PORT_0003,PORT,postgres,calcite_hep_fail_closed,calcite_hep_fail_closed,cases/PORT/PORT_0003/sql/source.sql,schemas/parrot_bird_port0003_v0/postgres/ddl.sql,false,,,0,no_candidate_sql,Calcite HEP invocation succeeded but emitted no candidate SQL.,calcite_no_candidate_sql,0,failed,read_inputs,parse,calcite_parse_double_quote_identifier,/tmp/sqlrb_calcite_hep_pg_bounded_candidate_generation_v0/run_snapshot/workspaces/PORT_0003/postgres/calcite_hep_runtime_stdout.txt,/tmp/sqlrb_calcite_hep_pg_bounded_candidate_generation_v0/run_snapshot/workspaces/PORT_0003/postgres/calcite_hep_runtime_stderr.txt,true,false,false,not_checked,fail_closed_no_candidate
PORT_0004,PORT,postgres,calcite_hep_fail_closed,calcite_hep_fail_closed,cases/PORT/PORT_0004/sql/source.sql,schemas/parrot_bird_port0004_v0/postgres/ddl.sql,false,,,0,no_candidate_sql,Calcite HEP invocation succeeded but emitted no candidate SQL.,calcite_no_candidate_sql,0,failed,read_inputs,parse,calcite_parse_datetime_keyword_or_ddl_type,/tmp/sqlrb_calcite_hep_pg_bounded_candidate_generation_v0/run_snapshot/workspaces/PORT_0004/postgres/calcite_hep_runtime_stdout.txt,/tmp/sqlrb_calcite_hep_pg_bounded_candidate_generation_v0/run_snapshot/workspaces/PORT_0004/postgres/calcite_hep_runtime_stderr.txt,true,false,false,not_checked,fail_closed_no_candidate
PORT_0005,PORT,postgres,calcite_hep_fail_closed,calcite_hep_fail_closed,cases/PORT/PORT_0005/sql/source.sql,schemas/parrot_bird_port0005_v0/postgres/ddl.sql,false,,,0,no_candidate_sql,Calcite HEP invocation succeeded but emitted no candidate SQL.,calcite_no_candidate_sql,0,failed,read_inputs,parse,calcite_parse_double_quote_identifier,/tmp/sqlrb_calcite_hep_pg_bounded_candidate_generation_v0/run_snapshot/workspaces/PORT_0005/postgres/calcite_hep_runtime_stdout.txt,/tmp/sqlrb_calcite_hep_pg_bounded_candidate_generation_v0/run_snapshot/workspaces/PORT_0005/postgres/calcite_hep_runtime_stderr.txt,true,false,false,not_checked,fail_closed_no_candidate
PORT_0008,PORT,postgres,calcite_hep_fail_closed,calcite_hep_fail_closed,cases/PORT/PORT_0008/sql/source.sql,schemas/parrot_bird_port0008_v0/postgres/ddl.sql,false,,,0,no_candidate_sql,Calcite HEP invocation succeeded but emitted no candidate SQL.,calcite_no_candidate_sql,0,failed,read_inputs,parse,calcite_parse_double_quote_identifier,/tmp/sqlrb_calcite_hep_pg_bounded_candidate_generation_v0/run_snapshot/workspaces/PORT_0008/postgres/calcite_hep_runtime_stdout.txt,/tmp/sqlrb_calcite_hep_pg_bounded_candidate_generation_v0/run_snapshot/workspaces/PORT_0008/postgres/calcite_hep_runtime_stderr.txt,true,false,false,not_checked,fail_closed_no_candidate
PORT_0012,PORT,postgres,calcite_hep_fail_closed,calcite_hep_fail_closed,cases/PORT/PORT_0012/sql/source.sql,schemas/parrot_bird_port0012_v0/postgres/ddl.sql,false,,,0,no_candidate_sql,Calcite HEP invocation succeeded but emitted no candidate SQL.,calcite_no_candidate_sql,0,failed,read_inputs,parse,calcite_parse_double_quote_identifier,/tmp/sqlrb_calcite_hep_pg_bounded_candidate_generation_v0/run_snapshot/workspaces/PORT_0012/postgres/calcite_hep_runtime_stdout.txt,/tmp/sqlrb_calcite_hep_pg_bounded_candidate_generation_v0/run_snapshot/workspaces/PORT_0012/postgres/calcite_hep_runtime_stderr.txt,true,false,false,not_checked,fail_closed_no_candidate
PORT_0013,PORT,postgres,calcite_hep_fail_closed,calcite_hep_fail_closed,cases/PORT/PORT_0013/sql/source.sql,schemas/parrot_bird_port0013_v0/postgres/ddl.sql,true,/tmp/sqlrb_calcite_hep_pg_bounded_candidate_generation_v0/run_snapshot/candidate_sql/PORT_0013__postgres.sql,ca607aa71199c9d8bd29de7a689c1490535c997253fb4eae5b095fdb3ee9b50a,200,none,IllegalArgumentException: unsupported column definition: a11 DOUBLE PRECISION,calcite_invocation_succeeded,0,calcite_parse_only,emit,schema_ingestion,schema_ingestion_unsupported_column_definition,/tmp/sqlrb_calcite_hep_pg_bounded_candidate_generation_v0/run_snapshot/workspaces/PORT_0013/postgres/calcite_hep_runtime_stdout.txt,/tmp/sqlrb_calcite_hep_pg_bounded_candidate_generation_v0/run_snapshot/workspaces/PORT_0013/postgres/calcite_hep_runtime_stderr.txt,true,false,false,changed,generated_parse_only_schema_fallback_review
PORT_0022,PORT,postgres,calcite_hep_fail_closed,calcite_hep_fail_closed,cases/PORT/PORT_0022/sql/source.sql,schemas/parrot_bird_port0022_v0/postgres/ddl.sql,false,,,0,no_candidate_sql,Calcite HEP invocation succeeded but emitted no candidate SQL.,calcite_no_candidate_sql,0,failed,read_inputs,parse,calcite_parse_datetime_keyword_or_ddl_type,/tmp/sqlrb_calcite_hep_pg_bounded_candidate_generation_v0/run_snapshot/workspaces/PORT_0022/postgres/calcite_hep_runtime_stdout.txt,/tmp/sqlrb_calcite_hep_pg_bounded_candidate_generation_v0/run_snapshot/workspaces/PORT_0022/postgres/calcite_hep_runtime_stderr.txt,true,false,false,not_checked,fail_closed_no_candidate
PORT_0024,PORT,postgres,calcite_hep_fail_closed,calcite_hep_fail_closed,cases/PORT/PORT_0024/sql/source.sql,schemas/parrot_bird_port0024_v0/postgres/ddl.sql,true,/tmp/sqlrb_calcite_hep_pg_bounded_candidate_generation_v0/run_snapshot/candidate_sql/PORT_0024__postgres.sql,518d8ddf5828c70cb740c2d916472585ede003d54886dc7c6fddae3c589a9392,198,none,,calcite_invocation_succeeded,0,calcite_rel_to_sql,emit,,,/tmp/sqlrb_calcite_hep_pg_bounded_candidate_generation_v0/run_snapshot/workspaces/PORT_0024/postgres/calcite_hep_runtime_stdout.txt,/tmp/sqlrb_calcite_hep_pg_bounded_candidate_generation_v0/run_snapshot/workspaces/PORT_0024/postgres/calcite_hep_runtime_stderr.txt,true,false,false,changed,generated_calcite_rel_to_sql
PORT_0025,PORT,postgres,calcite_hep_fail_closed,calcite_hep_fail_closed,cases/PORT/PORT_0025/sql/source.sql,schemas/parrot_bird_port0025_v0/postgres/ddl.sql,false,,,0,no_candidate_sql,Calcite HEP invocation succeeded but emitted no candidate SQL.,calcite_no_candidate_sql,0,failed,read_inputs,parse,calcite_parse_datetime_keyword_or_ddl_type,/tmp/sqlrb_calcite_hep_pg_bounded_candidate_generation_v0/run_snapshot/workspaces/PORT_0025/postgres/calcite_hep_runtime_stdout.txt,/tmp/sqlrb_calcite_hep_pg_bounded_candidate_generation_v0/run_snapshot/workspaces/PORT_0025/postgres/calcite_hep_runtime_stderr.txt,true,false,false,not_checked,fail_closed_no_candidate
LONGTAIL_0011,LONGTAIL,postgres,calcite_hep_fail_closed,calcite_hep_fail_closed,cases/LONGTAIL/LONGTAIL_0011/sql/source.sql,schemas/sqlstorm_stackoverflow_longtail0011_v0/postgres/ddl.sql,true,/tmp/sqlrb_calcite_hep_pg_bounded_candidate_generation_v0/run_snapshot/candidate_sql/LONGTAIL_0011__postgres.sql,379369d7d42562dd9eb55d01fd6d33093fabaff89d01e8c6f477730139c26669,1158,none,,calcite_invocation_succeeded,0,calcite_rel_to_sql,emit,,,/tmp/sqlrb_calcite_hep_pg_bounded_candidate_generation_v0/run_snapshot/workspaces/LONGTAIL_0011/postgres/calcite_hep_runtime_stdout.txt,/tmp/sqlrb_calcite_hep_pg_bounded_candidate_generation_v0/run_snapshot/workspaces/LONGTAIL_0011/postgres/calcite_hep_runtime_stderr.txt,true,false,false,changed,generated_calcite_rel_to_sql
LONGTAIL_0012,LONGTAIL,postgres,calcite_hep_fail_closed,calcite_hep_fail_closed,cases/LONGTAIL/LONGTAIL_0012/sql/source.sql,schemas/sqlstorm_stackoverflow_longtail0012_v0/postgres/ddl.sql,true,/tmp/sqlrb_calcite_hep_pg_bounded_candidate_generation_v0/run_snapshot/candidate_sql/LONGTAIL_0012__postgres.sql,72adb86958d2a175aa34f365d98924aa4e27dac4ca2621e091b265bf3979393c,1473,none,,calcite_invocation_succeeded,0,calcite_rel_to_sql,emit,,,/tmp/sqlrb_calcite_hep_pg_bounded_candidate_generation_v0/run_snapshot/workspaces/LONGTAIL_0012/postgres/calcite_hep_runtime_stdout.txt,/tmp/sqlrb_calcite_hep_pg_bounded_candidate_generation_v0/run_snapshot/workspaces/LONGTAIL_0012/postgres/calcite_hep_runtime_stderr.txt,true,false,false,changed,generated_calcite_rel_to_sql
LONGTAIL_0013,LONGTAIL,postgres,calcite_hep_fail_closed,calcite_hep_fail_closed,cases/LONGTAIL/LONGTAIL_0013/sql/source.sql,schemas/sqlstorm_stackoverflow_longtail0013_v0/postgres/ddl.sql,true,/tmp/sqlrb_calcite_hep_pg_bounded_candidate_generation_v0/run_snapshot/candidate_sql/LONGTAIL_0013__postgres.sql,62f6ea2cf11c070bfe34218fe2e9a7d11b81e6668858431dadc64c47da99902f,2025,none,,calcite_invocation_succeeded,0,calcite_rel_to_sql,emit,,,/tmp/sqlrb_calcite_hep_pg_bounded_candidate_generation_v0/run_snapshot/workspaces/LONGTAIL_0013/postgres/calcite_hep_runtime_stdout.txt,/tmp/sqlrb_calcite_hep_pg_bounded_candidate_generation_v0/run_snapshot/workspaces/LONGTAIL_0013/postgres/calcite_hep_runtime_stderr.txt,true,false,false,changed,generated_calcite_rel_to_sql
LONGTAIL_0022,LONGTAIL,postgres,calcite_hep_fail_closed,calcite_hep_fail_closed,cases/LONGTAIL/LONGTAIL_0022/sql/source.sql,schemas/stack_queries_longtail0022_v0/postgres/ddl.sql,true,/tmp/sqlrb_calcite_hep_pg_bounded_candidate_generation_v0/run_snapshot/candidate_sql/LONGTAIL_0022__postgres.sql,f6a576fe6839e39104dea4448716874fba98d8b9695ad74014503f2ebc52e1c0,559,none,IllegalArgumentException: unsupported SQL type in canary DDL parser: timestamp,calcite_invocation_succeeded,0,calcite_parse_only,emit,schema_ingestion,schema_ingestion_unsupported_sql_type,/tmp/sqlrb_calcite_hep_pg_bounded_candidate_generation_v0/run_snapshot/workspaces/LONGTAIL_0022/postgres/calcite_hep_runtime_stdout.txt,/tmp/sqlrb_calcite_hep_pg_bounded_candidate_generation_v0/run_snapshot/workspaces/LONGTAIL_0022/postgres/calcite_hep_runtime_stderr.txt,true,false,false,changed,generated_parse_only_schema_fallback_review
LONGTAIL_0023,LONGTAIL,postgres,calcite_hep_fail_closed,calcite_hep_fail_closed,cases/LONGTAIL/LONGTAIL_0023/sql/source.sql,schemas/stack_queries_longtail0023_v0/postgres/ddl.sql,true,/tmp/sqlrb_calcite_hep_pg_bounded_candidate_generation_v0/run_snapshot/candidate_sql/LONGTAIL_0023__postgres.sql,4ad4fd3105fdbd78afe430d4ec25e9e8ed25961645b5f4fff639f6334bb23511,762,none,IllegalArgumentException: unsupported SQL type in canary DDL parser: timestamp,calcite_invocation_succeeded,0,calcite_parse_only,emit,schema_ingestion,schema_ingestion_unsupported_sql_type,/tmp/sqlrb_calcite_hep_pg_bounded_candidate_generation_v0/run_snapshot/workspaces/LONGTAIL_0023/postgres/calcite_hep_runtime_stdout.txt,/tmp/sqlrb_calcite_hep_pg_bounded_candidate_generation_v0/run_snapshot/workspaces/LONGTAIL_0023/postgres/calcite_hep_runtime_stderr.txt,true,false,false,changed,generated_parse_only_schema_fallback_review
LONGTAIL_0024,LONGTAIL,postgres,calcite_hep_fail_closed,calcite_hep_fail_closed,cases/LONGTAIL/LONGTAIL_0024/sql/source.sql,schemas/stack_queries_longtail0024_v0/postgres/ddl.sql,true,/tmp/sqlrb_calcite_hep_pg_bounded_candidate_generation_v0/run_snapshot/candidate_sql/LONGTAIL_0024__postgres.sql,e07a1e88615198f556e1b4b1efe496516ea31745bdf7ea79b8e8fec3686280e7,637,none,IllegalArgumentException: unsupported SQL type in canary DDL parser: timestamp,calcite_invocation_succeeded,0,calcite_parse_only,emit,schema_ingestion,schema_ingestion_unsupported_sql_type,/tmp/sqlrb_calcite_hep_pg_bounded_candidate_generation_v0/run_snapshot/workspaces/LONGTAIL_0024/postgres/calcite_hep_runtime_stdout.txt,/tmp/sqlrb_calcite_hep_pg_bounded_candidate_generation_v0/run_snapshot/workspaces/LONGTAIL_0024/postgres/calcite_hep_runtime_stderr.txt,true,false,false,changed,generated_parse_only_schema_fallback_review
