case_id,relative_path,public_release_path,source_kind,source_legacy_path_or_generated_from,size_bytes,sha256_public_copy,sha256_source_if_applicable,sha256_matches_source_if_applicable,category,canonical_section,public_hygiene_scan_ok,evidence_role,notes
PORT_0004,cases/PORT/PORT_0004/README.md,cases/PORT/PORT_0004/README.md,generated,generated:port_final_bounded_batch,2050,feea8a95967f354f2ac43f2af3f131b85833fb52c149b5379a777e18e5dd7126,,n/a,documentation,root,yes,case README,Generated or retained release package file.
PORT_0004,cases/PORT/PORT_0004/checker/checker.yaml,cases/PORT/PORT_0004/checker/checker.yaml,generated,generated:port_final_bounded_batch,594,8b67871d102a52a71701e1da8f248ed943037739f153318f846e1d468b37563c,,n/a,checker,checker,yes,checker metadata,Generated or retained release package file.
PORT_0004,cases/PORT/PORT_0004/checker/compare_config.yaml,cases/PORT/PORT_0004/checker/compare_config.yaml,generated,generated:port_final_bounded_batch,209,4f5d3721acfab131de071da13434106d815498a18a72da0471bdc861807c216c,,n/a,checker,checker,yes,checker metadata,Generated or retained release package file.
PORT_0004,cases/PORT/PORT_0004/checker/expected_rejections.yaml,cases/PORT/PORT_0004/checker/expected_rejections.yaml,generated,generated:port_final_bounded_batch,2059,60aecb549ea9a3034abf4e31547c2c0c3f42295c94e0499e502277f40b59a4d2,,n/a,checker,checker,yes,checker metadata,Generated or retained release package file.
PORT_0004,cases/PORT/PORT_0004/checker/normalization.yaml,cases/PORT/PORT_0004/checker/normalization.yaml,generated,generated:port_final_bounded_batch,214,925cbb2931b6bbc899f25a574461d005509d44083345a789728c6fbe2a69f08a,,n/a,checker,checker,yes,checker metadata,Generated or retained release package file.
PORT_0004,cases/PORT/PORT_0004/data/README.md,cases/PORT/PORT_0004/data/README.md,generated,generated:port_final_bounded_batch,636,df669f756d2880544c7be3fa6c17ca3350a359668f8aeadd66b34418b4a0f004,,n/a,data,data,yes,data profile or fixture,Generated or retained release package file.
PORT_0004,cases/PORT/PORT_0004/data/data_profile.yaml,cases/PORT/PORT_0004/data/data_profile.yaml,generated,generated:port_final_bounded_batch,126,34da997987746dcd700631e14319cfa2b7f3377cffb75d95af70578a259a908e,,n/a,data,data,yes,data profile or fixture,Generated or retained release package file.
PORT_0004,cases/PORT/PORT_0004/data/fixtures/witness_rows.yaml,cases/PORT/PORT_0004/data/fixtures/witness_rows.yaml,copied_legacy_file,cases/PORT/PORT_0004/data/witness_rows.yaml,646,06f7645c88fad738c31be67b876b587e1f0acb30483ec33620feafc12f3a31b3,06f7645c88fad738c31be67b876b587e1f0acb30483ec33620feafc12f3a31b3,yes,data,data,yes,data profile or fixture,Byte-for-byte public-safe copy from legacy source.
PORT_0004,cases/PORT/PORT_0004/data/witness_profile.yaml,cases/PORT/PORT_0004/data/witness_profile.yaml,generated,generated:port_final_bounded_batch,229,eb0a41a460605378743f0376085702b378a5c0c79e74354f2156bc6f35b891d8,,n/a,data,data,yes,data profile or fixture,Generated or retained release package file.
PORT_0004,cases/PORT/PORT_0004/data/witness_rows.yaml,cases/PORT/PORT_0004/data/witness_rows.yaml,generated,generated:port_final_bounded_batch,646,06f7645c88fad738c31be67b876b587e1f0acb30483ec33620feafc12f3a31b3,,n/a,data,data,yes,data profile or fixture,Generated or retained release package file.
PORT_0004,cases/PORT/PORT_0004/evidence/hard_negative/hard_negative_summary.json,cases/PORT/PORT_0004/evidence/hard_negative/hard_negative_summary.json,generated,generated:port_final_bounded_batch,377,5a9d0fbe3251cf96eb5f4d4ec81ad1eb66a6a68b77ad04ca21b2d1ed82341e84,,n/a,evidence,evidence/hard_negative,yes,hard-negative evidence,Generated or retained release package file.
PORT_0004,cases/PORT/PORT_0004/evidence/hard_negative/postgres/rewrite_neg_01.tsv,cases/PORT/PORT_0004/evidence/hard_negative/postgres/rewrite_neg_01.tsv,copied_legacy_file,cases/PORT/PORT_0004/runs/pg/rewrite_neg_01.tsv,4,eea8254c7500ba3de996aa8ad6af399183f04e17d4a8102fde539dbc93a90012,eea8254c7500ba3de996aa8ad6af399183f04e17d4a8102fde539dbc93a90012,yes,evidence,evidence/hard_negative,yes,hard-negative evidence,Byte-for-byte public-safe copy from legacy source.
PORT_0004,cases/PORT/PORT_0004/evidence/hard_negative/spark/rewrite_neg_02_spark.tsv,cases/PORT/PORT_0004/evidence/hard_negative/spark/rewrite_neg_02_spark.tsv,copied_legacy_file,cases/PORT/PORT_0004/runs/spark/rewrite_neg_02_spark.tsv,6,a8497d5e57085a8a32f2d3a9ead03d410991504afc34159db97bb0c39c5d683a,a8497d5e57085a8a32f2d3a9ead03d410991504afc34159db97bb0c39c5d683a,yes,evidence,evidence/hard_negative,yes,hard-negative evidence,Byte-for-byte public-safe copy from legacy source.
PORT_0004,cases/PORT/PORT_0004/evidence/package_validation_summary.json,cases/PORT/PORT_0004/evidence/package_validation_summary.json,generated,generated:port_final_bounded_batch,1173,e86d46f1b95cb666183d10ad7ab1f622ac1d141ddeaf9cbb74c612b6c4d133da,,n/a,evidence,evidence,yes,evidence metadata,Generated or retained release package file.
PORT_0004,cases/PORT/PORT_0004/evidence/retained_controls/mysql/source.tsv,cases/PORT/PORT_0004/evidence/retained_controls/mysql/source.tsv,copied_legacy_file,cases/PORT/PORT_0004/runs/mysql/source.tsv,3,7ea9844ae84eccbf55e8330640865e36c43521e45a1baec24233327aab7e6595,7ea9844ae84eccbf55e8330640865e36c43521e45a1baec24233327aab7e6595,yes,evidence,evidence/retained_controls,yes,retained control evidence,Byte-for-byte public-safe copy from legacy source.
PORT_0004,cases/PORT/PORT_0004/evidence/retained_controls/postgres/rewrite_pos_01.tsv,cases/PORT/PORT_0004/evidence/retained_controls/postgres/rewrite_pos_01.tsv,copied_legacy_file,cases/PORT/PORT_0004/runs/pg/rewrite_pos_01.tsv,3,7ea9844ae84eccbf55e8330640865e36c43521e45a1baec24233327aab7e6595,7ea9844ae84eccbf55e8330640865e36c43521e45a1baec24233327aab7e6595,yes,evidence,evidence/retained_controls,yes,retained control evidence,Byte-for-byte public-safe copy from legacy source.
PORT_0004,cases/PORT/PORT_0004/evidence/retained_controls/result_check.json,cases/PORT/PORT_0004/evidence/retained_controls/result_check.json,copied_legacy_file,cases/PORT/PORT_0004/runs/result_check.json,1100,3c8d6d91e02610de3e36d8712855f13bf9b1e1bdfba2af60bb37e0fde7b3b29f,3c8d6d91e02610de3e36d8712855f13bf9b1e1bdfba2af60bb37e0fde7b3b29f,yes,evidence,evidence/retained_controls,yes,retained control evidence,Byte-for-byte public-safe copy from legacy source.
PORT_0004,cases/PORT/PORT_0004/evidence/retained_controls/spark/rewrite_pos_02_spark.tsv,cases/PORT/PORT_0004/evidence/retained_controls/spark/rewrite_pos_02_spark.tsv,copied_legacy_file,cases/PORT/PORT_0004/runs/spark/rewrite_pos_02_spark.tsv,5,d6df3c6df1b1d214bd58952eea9efc77ce7d9855d5ceaeb6f37c7ba07e0fbdcc,d6df3c6df1b1d214bd58952eea9efc77ce7d9855d5ceaeb6f37c7ba07e0fbdcc,yes,evidence,evidence/retained_controls,yes,retained control evidence,Byte-for-byte public-safe copy from legacy source.
PORT_0004,cases/PORT/PORT_0004/evidence/retained_plans/mysql/source.json,cases/PORT/PORT_0004/evidence/retained_plans/mysql/source.json,copied_legacy_file,cases/PORT/PORT_0004/runs/mysql/plans/source.json,684,c7b0082ac58b2f49c68b313d2aba5e2a423f21f86868cd954f696010c383a4c2,c7b0082ac58b2f49c68b313d2aba5e2a423f21f86868cd954f696010c383a4c2,yes,evidence,evidence/retained_plans,yes,retained plan evidence,Byte-for-byte public-safe copy from legacy source.
PORT_0004,cases/PORT/PORT_0004/evidence/retained_plans/plan_check.json,cases/PORT/PORT_0004/evidence/retained_plans/plan_check.json,copied_legacy_file,cases/PORT/PORT_0004/runs/plan_check.json,785,ed79e9adf4788c8fa38d26fe6bb994cf57cf61bc7218a1561c6d92a4261b1553,ed79e9adf4788c8fa38d26fe6bb994cf57cf61bc7218a1561c6d92a4261b1553,yes,evidence,evidence/retained_plans,yes,retained plan evidence,Byte-for-byte public-safe copy from legacy source.
PORT_0004,cases/PORT/PORT_0004/evidence/retained_plans/postgres/rewrite_neg_01.json,cases/PORT/PORT_0004/evidence/retained_plans/postgres/rewrite_neg_01.json,copied_legacy_file,cases/PORT/PORT_0004/runs/pg/plans/rewrite_neg_01.json,762,19a9621375881bd1b181775c6669ae0abae7d89510f4c55ab5dc3c1009d550cb,19a9621375881bd1b181775c6669ae0abae7d89510f4c55ab5dc3c1009d550cb,yes,evidence,evidence/retained_plans,yes,retained plan evidence,Byte-for-byte public-safe copy from legacy source.
PORT_0004,cases/PORT/PORT_0004/evidence/retained_plans/postgres/rewrite_pos_01.json,cases/PORT/PORT_0004/evidence/retained_plans/postgres/rewrite_pos_01.json,copied_legacy_file,cases/PORT/PORT_0004/runs/pg/plans/rewrite_pos_01.json,762,d6364a5754074ece5ca123417f92e07ddfa503a83f9bac2966c2644d0e1d5634,d6364a5754074ece5ca123417f92e07ddfa503a83f9bac2966c2644d0e1d5634,yes,evidence,evidence/retained_plans,yes,retained plan evidence,Byte-for-byte public-safe copy from legacy source.
PORT_0004,cases/PORT/PORT_0004/evidence/retained_plans/rewrite_neg_02_spark.sanitized.txt,cases/PORT/PORT_0004/evidence/retained_plans/rewrite_neg_02_spark.sanitized.txt,reused_existing_release_sanitized_file,existing release sanitized evidence or formal evidence-mapping pilot,1788,300a600e28245e0ad21d6e68c332f3c402d2a958fb70d38ab5d8cc09ea16c8cd,,n/a,evidence,evidence/retained_plans,yes,retained plan evidence,Sanitized public evidence; raw local/log paths not copied.
PORT_0004,cases/PORT/PORT_0004/evidence/retained_plans/rewrite_pos_02_spark.sanitized.txt,cases/PORT/PORT_0004/evidence/retained_plans/rewrite_pos_02_spark.sanitized.txt,reused_existing_release_sanitized_file,existing release sanitized evidence or formal evidence-mapping pilot,1788,c55fd557bded085fe90695c1a6f49d28898b13f8f76c73a62ae19d9cddee9a04,,n/a,evidence,evidence/retained_plans,yes,retained plan evidence,Sanitized public evidence; raw local/log paths not copied.
PORT_0004,cases/PORT/PORT_0004/evidence/runs_retention.yaml,cases/PORT/PORT_0004/evidence/runs_retention.yaml,generated,generated:port_final_bounded_batch,16982,818c212cda4303355649ad8216898eb1a9feeb986e9a03c7eb3b89fcda340960,,n/a,evidence,evidence,yes,evidence metadata,Generated or retained release package file.
PORT_0004,cases/PORT/PORT_0004/manifest.yaml,cases/PORT/PORT_0004/manifest.yaml,generated,generated:port_final_bounded_batch,5108,a8429bddedc6384835da6f9154b22d5376e1dffddd5e88ae66077d69f4ca4642,,n/a,metadata,root,yes,canonical manifest,Generated or retained release package file.
PORT_0004,cases/PORT/PORT_0004/metadata/artifact_paths.yaml,cases/PORT/PORT_0004/metadata/artifact_paths.yaml,generated,generated:port_final_bounded_batch,311,97a69194d5251bf107caea6210e69f16062be1f6adffc3f2ba659c70ebe392ae,,n/a,metadata,metadata,yes,metadata,Generated or retained release package file.
PORT_0004,cases/PORT/PORT_0004/metadata/denominator_eligibility.yaml,cases/PORT/PORT_0004/metadata/denominator_eligibility.yaml,generated,generated:port_final_bounded_batch,439,85745297c19e7ba1cb543873c508e74d5f863360d21db982a86cba70995b4684,,n/a,metadata,metadata,yes,metadata,Generated or retained release package file.
PORT_0004,cases/PORT/PORT_0004/metadata/engine_support.yaml,cases/PORT/PORT_0004/metadata/engine_support.yaml,generated,generated:port_final_bounded_batch,309,9e90564be3f985276c10e2c51e3cc46bbd009fed82701e28eec71334eca77173,,n/a,metadata,metadata,yes,metadata,Generated or retained release package file.
PORT_0004,cases/PORT/PORT_0004/metadata/provenance.yaml,cases/PORT/PORT_0004/metadata/provenance.yaml,generated,generated:port_final_bounded_batch,275,543b86fdb2b5c12bd23b06f95ed2ac53d5add6702f1fc85040a8af6571e9f38f,,n/a,metadata,metadata,yes,metadata,Generated or retained release package file.
PORT_0004,cases/PORT/PORT_0004/metadata/taxonomy.yaml,cases/PORT/PORT_0004/metadata/taxonomy.yaml,generated,generated:port_final_bounded_batch,344,7ec38aece35d8c80f78f3612d87faa07afb1bf1e017a85b2c32c668fb6a827fb,,n/a,metadata,metadata,yes,metadata,Generated or retained release package file.
PORT_0004,cases/PORT/PORT_0004/notes/migration_notes.md,cases/PORT/PORT_0004/notes/migration_notes.md,generated,generated:port_final_bounded_batch,1292,257b01e71c488be1833be2610d1243f2ea8050c190082b534b41cc8c3524dbea,,n/a,notes,notes,yes,notes,Generated or retained release package file.
PORT_0004,cases/PORT/PORT_0004/notes/migration_pilot_history.md,cases/PORT/PORT_0004/notes/migration_pilot_history.md,generated,generated:port_final_bounded_batch,1247,b12f289b26ba4bc524619c34323f8a6027a6e6a7ed91fd2c874035b5d8301d09,,n/a,notes,notes,yes,notes,Generated or retained release package file.
PORT_0004,cases/PORT/PORT_0004/notes/promotion_checklist.md,cases/PORT/PORT_0004/notes/promotion_checklist.md,generated,generated:port_final_bounded_batch,298,dd2ff11c30505304ddf27a5537c80a12d3983fb90cd3f5264bd6ba0dc18629c0,,n/a,notes,notes,yes,notes,Generated or retained release package file.
PORT_0004,cases/PORT/PORT_0004/notes/risk_notes.md,cases/PORT/PORT_0004/notes/risk_notes.md,generated,generated:port_final_bounded_batch,270,4aa5953738bce964a7b6bdda7d3f67b38ad4e90a1a45813d3b41d547680ddc64,,n/a,notes,notes,yes,notes,Generated or retained release package file.
PORT_0004,cases/PORT/PORT_0004/notes/schema_notes.md,cases/PORT/PORT_0004/notes/schema_notes.md,generated,generated:port_final_bounded_batch,203,728b52ed77f6f6b755bc42184413f0802d8d4066412acb3f5eb1c45dedb37c2e,,n/a,notes,notes,yes,notes,Generated or retained release package file.
PORT_0004,cases/PORT/PORT_0004/notes/witness_design_notes.md,cases/PORT/PORT_0004/notes/witness_design_notes.md,generated,generated:port_final_bounded_batch,270,034cecbecfaed10aa9efae6f72429b811696f3dfc87296af0148588178b6d53e,,n/a,notes,notes,yes,notes,Generated or retained release package file.
PORT_0004,cases/PORT/PORT_0004/provenance/parrot_source_record.json,cases/PORT/PORT_0004/provenance/parrot_source_record.json,generated,generated:port_final_bounded_batch,883,cb02f0c2a1cb6b8d86d8d9379978eec7762cef21c51131241c39086f5f090b4c,,n/a,other,other,yes,retained auxiliary file,Generated or retained release package file.
PORT_0004,cases/PORT/PORT_0004/provenance/provenance_notes.txt,cases/PORT/PORT_0004/provenance/provenance_notes.txt,generated,generated:port_final_bounded_batch,396,28064ae985a37ffac19f5c2b420cc86d3bbca9ad7a76513fecc091de4000b449,,n/a,other,other,yes,retained auxiliary file,Generated or retained release package file.
PORT_0004,cases/PORT/PORT_0004/risk_notes.md,cases/PORT/PORT_0004/risk_notes.md,generated,generated:port_final_bounded_batch,758,0ae3f6df044dde4a5d36130f16c080b6cc8b6eed09058b08bcdcc969e5525764,,n/a,other,other,yes,retained auxiliary file,Generated or retained release package file.
PORT_0004,cases/PORT/PORT_0004/runs/README.md,cases/PORT/PORT_0004/runs/README.md,generated,generated:port_final_bounded_batch,198,828b2c3327de4863c9fbd82f2b07e61cc98aca2a68d2a8fa9dca7d1db8d8d28a,,n/a,runs,runs,yes,runs placeholder,Generated or retained release package file.
PORT_0004,cases/PORT/PORT_0004/schema/ddl_mysql.sql,cases/PORT/PORT_0004/schema/ddl_mysql.sql,generated,generated:port_final_bounded_batch,231,8d7ecbee93528e6426c13571ce179cb51729d87d85f13125902c424b6a03604d,,n/a,schema,schema,yes,schema/witness asset,Generated or retained release package file.
PORT_0004,cases/PORT/PORT_0004/schema/ddl_pg.sql,cases/PORT/PORT_0004/schema/ddl_pg.sql,generated,generated:port_final_bounded_batch,205,d7be54e725f6608aced6470f8bee4fd607947934e8b12cdf5fd0cb2b12a778af,,n/a,schema,schema,yes,schema/witness asset,Generated or retained release package file.
PORT_0004,cases/PORT/PORT_0004/schema/ddl_spark.sql,cases/PORT/PORT_0004/schema/ddl_spark.sql,generated,generated:port_final_bounded_batch,168,934528de32ae0b529709b9f42eaa60454b1e37bac9d3b08577bcf8842a689adb,,n/a,schema,schema,yes,schema/witness asset,Generated or retained release package file.
PORT_0004,cases/PORT/PORT_0004/schema/mysql/ddl.sql,cases/PORT/PORT_0004/schema/mysql/ddl.sql,copied_legacy_file,cases/PORT/PORT_0004/schema/ddl_mysql.sql,231,8d7ecbee93528e6426c13571ce179cb51729d87d85f13125902c424b6a03604d,8d7ecbee93528e6426c13571ce179cb51729d87d85f13125902c424b6a03604d,yes,schema,schema,yes,schema/witness asset,Byte-for-byte public-safe copy from legacy source.
PORT_0004,cases/PORT/PORT_0004/schema/mysql/load.sql,cases/PORT/PORT_0004/schema/mysql/load.sql,copied_legacy_file,cases/PORT/PORT_0004/validation/load_witness_mysql.sql,445,986cd05cca59035fc7ee45575cd1558078532c8becc5d78e0c2a095ecdd7401f,986cd05cca59035fc7ee45575cd1558078532c8becc5d78e0c2a095ecdd7401f,yes,schema,schema,yes,schema/witness asset,Byte-for-byte public-safe copy from legacy source.
PORT_0004,cases/PORT/PORT_0004/schema/postgres/ddl.sql,cases/PORT/PORT_0004/schema/postgres/ddl.sql,copied_legacy_file,cases/PORT/PORT_0004/schema/ddl_pg.sql,205,d7be54e725f6608aced6470f8bee4fd607947934e8b12cdf5fd0cb2b12a778af,d7be54e725f6608aced6470f8bee4fd607947934e8b12cdf5fd0cb2b12a778af,yes,schema,schema,yes,schema/witness asset,Byte-for-byte public-safe copy from legacy source.
PORT_0004,cases/PORT/PORT_0004/schema/postgres/load.sql,cases/PORT/PORT_0004/schema/postgres/load.sql,copied_legacy_file,cases/PORT/PORT_0004/validation/load_witness_pg.sql,274,b965bca1accd9e7c06d8809c0eaa56ec6d1966a594e20b88552bd59e52e4f17f,b965bca1accd9e7c06d8809c0eaa56ec6d1966a594e20b88552bd59e52e4f17f,yes,schema,schema,yes,schema/witness asset,Byte-for-byte public-safe copy from legacy source.
PORT_0004,cases/PORT/PORT_0004/schema/schema_profile.yaml,cases/PORT/PORT_0004/schema/schema_profile.yaml,generated,generated:port_final_bounded_batch,351,47013cd507392a7df1fa0f1325ce592141cc88e2c660879cd27e9fc26c5bfe0a,,n/a,schema,schema,yes,schema/witness asset,Generated or retained release package file.
PORT_0004,cases/PORT/PORT_0004/schema/spark/ddl.sql,cases/PORT/PORT_0004/schema/spark/ddl.sql,copied_legacy_file,cases/PORT/PORT_0004/schema/ddl_spark.sql,168,934528de32ae0b529709b9f42eaa60454b1e37bac9d3b08577bcf8842a689adb,934528de32ae0b529709b9f42eaa60454b1e37bac9d3b08577bcf8842a689adb,yes,schema,schema,yes,schema/witness asset,Byte-for-byte public-safe copy from legacy source.
PORT_0004,cases/PORT/PORT_0004/schema/spark/load.sql,cases/PORT/PORT_0004/schema/spark/load.sql,copied_legacy_file,cases/PORT/PORT_0004/validation/load_witness_spark.sql,303,3d9bb29a27f55398e943c837be4b010a2c7dc1eb99bdcab7b1d9ff0ab9f4cee2,3d9bb29a27f55398e943c837be4b010a2c7dc1eb99bdcab7b1d9ff0ab9f4cee2,yes,schema,schema,yes,schema/witness asset,Byte-for-byte public-safe copy from legacy source.
PORT_0004,cases/PORT/PORT_0004/sql/dialect_variants/spark/neg_02_spark.sql,cases/PORT/PORT_0004/sql/dialect_variants/spark/neg_02_spark.sql,copied_legacy_file,cases/PORT/PORT_0004/rewrite_neg_02_spark.sql,342,649c9e41978c2f9d197b216d99048416c9d189e3b78b2aec8aa4afdf1a397a7e,649c9e41978c2f9d197b216d99048416c9d189e3b78b2aec8aa4afdf1a397a7e,yes,sql,sql,yes,case SQL,Byte-for-byte public-safe copy from legacy source.
PORT_0004,cases/PORT/PORT_0004/sql/dialect_variants/spark/pos_02_spark.sql,cases/PORT/PORT_0004/sql/dialect_variants/spark/pos_02_spark.sql,copied_legacy_file,cases/PORT/PORT_0004/rewrite_pos_02_spark.sql,339,6212df44fe6d01d7d98afa7071f35767b789687899e30fb301843cf8cd14435b,6212df44fe6d01d7d98afa7071f35767b789687899e30fb301843cf8cd14435b,yes,sql,sql,yes,case SQL,Byte-for-byte public-safe copy from legacy source.
PORT_0004,cases/PORT/PORT_0004/sql/negatives/neg_01.sql,cases/PORT/PORT_0004/sql/negatives/neg_01.sql,copied_legacy_file,cases/PORT/PORT_0004/rewrite_neg_01.sql,345,93ccf98e78feb2f4053298e51343e0fde1548bb189589cfabe6ca4a4ec9f62ef,93ccf98e78feb2f4053298e51343e0fde1548bb189589cfabe6ca4a4ec9f62ef,yes,sql,sql,yes,case SQL,Byte-for-byte public-safe copy from legacy source.
PORT_0004,cases/PORT/PORT_0004/sql/positives/pos_01.sql,cases/PORT/PORT_0004/sql/positives/pos_01.sql,copied_legacy_file,cases/PORT/PORT_0004/rewrite_pos_01.sql,345,e7bdc52644b7f8ef9462576e828ca97514ba88763bae5522a1c3af88a7f01442,e7bdc52644b7f8ef9462576e828ca97514ba88763bae5522a1c3af88a7f01442,yes,sql,sql,yes,case SQL,Byte-for-byte public-safe copy from legacy source.
PORT_0004,cases/PORT/PORT_0004/sql/source.sql,cases/PORT/PORT_0004/sql/source.sql,copied_legacy_file,cases/PORT/PORT_0004/source.sql,335,8eaee79c200631c489eda66c6aee80fe8b12cb249ba349281302940c7a62151f,8eaee79c200631c489eda66c6aee80fe8b12cb249ba349281302940c7a62151f,yes,sql,sql,yes,case SQL,Byte-for-byte public-safe copy from legacy source.
PORT_0004,cases/PORT/PORT_0004/taxonomy_trial_v0.3.yaml,cases/PORT/PORT_0004/taxonomy_trial_v0.3.yaml,generated,generated:port_final_bounded_batch,601,e330dacc2c41ca2da52f4633fecd7c4f5acdf303558cb008b4a3f01b727db7d9,,n/a,other,other,yes,retained auxiliary file,Generated or retained release package file.
PORT_0004,cases/PORT/PORT_0004/validation/PLAN_COLLECTION_README.md,cases/PORT/PORT_0004/validation/PLAN_COLLECTION_README.md,generated,generated:port_final_bounded_batch,1520,0372e61b7a0df9cfd8d004f987c5332cc4541451eda539b4c1b023c9036ba261,,n/a,validation,validation,yes,retained validation asset,Generated or retained release package file.
PORT_0004,cases/PORT/PORT_0004/validation/README.md,cases/PORT/PORT_0004/validation/README.md,generated,generated:port_final_bounded_batch,1194,ce536f1cc820249c22b2a45915801a279802d9644172bb3581465f0dcbae7b3e,,n/a,validation,validation,yes,retained validation asset,Generated or retained release package file.
PORT_0004,cases/PORT/PORT_0004/validation/check_plan_artifacts.py,cases/PORT/PORT_0004/validation/check_plan_artifacts.py,generated,generated:port_final_bounded_batch,1454,d4a8d4de52bcce8ced8032033ed6b4b7915939dce1e320f337f388e8e8c337f4,,n/a,validation,validation,yes,retained validation asset,Generated or retained release package file.
PORT_0004,cases/PORT/PORT_0004/validation/check_results.py,cases/PORT/PORT_0004/validation/check_results.py,generated,generated:port_final_bounded_batch,3178,1ed82c0b7db0c5759cde26e2f09337bcb8fe06ee5e1a2179e63ef33d7e74f97c,,n/a,validation,validation,yes,retained validation asset,Generated or retained release package file.
PORT_0004,cases/PORT/PORT_0004/validation/checker.yaml,cases/PORT/PORT_0004/validation/checker.yaml,generated,generated:port_final_bounded_batch,1934,5ef72e9981af50ead7e056f456e80531dd6d24c66be9a6208c82815901c3db44,,n/a,validation,validation,yes,retained validation asset,Generated or retained release package file.
PORT_0004,cases/PORT/PORT_0004/validation/collect_mysql_plans.sh,cases/PORT/PORT_0004/validation/collect_mysql_plans.sh,generated,generated:port_final_bounded_batch,1364,10a5df66b5892a6d2096e44b512674b2d627e35e98d5f00ef1a1a793f8a66916,,n/a,validation,validation,yes,retained validation asset,Generated or retained release package file.
PORT_0004,cases/PORT/PORT_0004/validation/collect_pg_plans.sh,cases/PORT/PORT_0004/validation/collect_pg_plans.sh,generated,generated:port_final_bounded_batch,1370,e6e22fd341f109a9a4f3120b6fd932210018fe7f4cb8a61c1668905d587e6359,,n/a,validation,validation,yes,retained validation asset,Generated or retained release package file.
PORT_0004,cases/PORT/PORT_0004/validation/collect_spark_plans.sh,cases/PORT/PORT_0004/validation/collect_spark_plans.sh,generated,generated:port_final_bounded_batch,2986,2b64c0a2d802fbdc222d615a0be09f757ce9fbc8e412faa0e97446640250b8d7,,n/a,validation,validation,yes,retained validation asset,Generated or retained release package file.
PORT_0004,cases/PORT/PORT_0004/validation/load_witness_mysql.sql,cases/PORT/PORT_0004/validation/load_witness_mysql.sql,generated,generated:port_final_bounded_batch,445,986cd05cca59035fc7ee45575cd1558078532c8becc5d78e0c2a095ecdd7401f,,n/a,validation,validation,yes,retained validation asset,Generated or retained release package file.
PORT_0004,cases/PORT/PORT_0004/validation/load_witness_pg.sql,cases/PORT/PORT_0004/validation/load_witness_pg.sql,generated,generated:port_final_bounded_batch,274,b965bca1accd9e7c06d8809c0eaa56ec6d1966a594e20b88552bd59e52e4f17f,,n/a,validation,validation,yes,retained validation asset,Generated or retained release package file.
PORT_0004,cases/PORT/PORT_0004/validation/load_witness_spark.sql,cases/PORT/PORT_0004/validation/load_witness_spark.sql,generated,generated:port_final_bounded_batch,303,3d9bb29a27f55398e943c837be4b010a2c7dc1eb99bdcab7b1d9ff0ab9f4cee2,,n/a,validation,validation,yes,retained validation asset,Generated or retained release package file.
PORT_0004,cases/PORT/PORT_0004/validation/mysql_witness_data.sql,cases/PORT/PORT_0004/validation/mysql_witness_data.sql,generated,generated:port_final_bounded_batch,634,44323af80c3fe93564b99342069d2ea8203515fc4cfeaf6337c073660c25f83a,,n/a,validation,validation,yes,retained validation asset,Generated or retained release package file.
PORT_0004,cases/PORT/PORT_0004/validation/run_mysql_plan_collection.sh,cases/PORT/PORT_0004/validation/run_mysql_plan_collection.sh,adapted_legacy_validation_asset,cases/PORT/PORT_0004/validation/collect_mysql_plans.sh,1516,c482bc9644afe9775361e42e554cd9669c619f9e4615db4433055d604174fba6,10a5df66b5892a6d2096e44b512674b2d627e35e98d5f00ef1a1a793f8a66916,no_adapted,validation,validation,yes,retained validation asset,Copied/adapted retained legacy validation asset; not executed during migration.
PORT_0004,cases/PORT/PORT_0004/validation/run_mysql_validation.sh,cases/PORT/PORT_0004/validation/run_mysql_validation.sh,adapted_legacy_validation_asset,cases/PORT/PORT_0004/validation/run_mysql_validation.sh,2370,d267dd41f78b4af7d5fdfb9bf0dfd40cfe47520dbd44b8be6b69a819427b5e6c,7fafb81eff9d572034c7cb72233f830f97a3def3a0dd19f1908a4ea9fd748496,no_adapted,validation,validation,yes,retained validation asset,Copied/adapted retained legacy validation asset; not executed during migration.
PORT_0004,cases/PORT/PORT_0004/validation/run_pg_validation.sh,cases/PORT/PORT_0004/validation/run_pg_validation.sh,generated,generated:port_final_bounded_batch,1131,dd71b8352cb807a6f621c4094f03f1aa508273c01d9e171a8c75007120595767,,n/a,validation,validation,yes,retained validation asset,Generated or retained release package file.
PORT_0004,cases/PORT/PORT_0004/validation/run_postgres_plan_collection.sh,cases/PORT/PORT_0004/validation/run_postgres_plan_collection.sh,adapted_legacy_validation_asset,cases/PORT/PORT_0004/validation/collect_pg_plans.sh,1542,a9bd50efbcf5cfce61aaadda86efea88560462f7c7232b8a1d02356edad49419,e6e22fd341f109a9a4f3120b6fd932210018fe7f4cb8a61c1668905d587e6359,no_adapted,validation,validation,yes,retained validation asset,Copied/adapted retained legacy validation asset; not executed during migration.
PORT_0004,cases/PORT/PORT_0004/validation/run_postgres_validation.sh,cases/PORT/PORT_0004/validation/run_postgres_validation.sh,adapted_legacy_validation_asset,cases/PORT/PORT_0004/validation/run_pg_validation.sh,1303,9a833df4e3fac5314fcb7c6181a5ecca0c4977c561570a20f292132869b328b4,dd71b8352cb807a6f621c4094f03f1aa508273c01d9e171a8c75007120595767,no_adapted,validation,validation,yes,retained validation asset,Copied/adapted retained legacy validation asset; not executed during migration.
PORT_0004,cases/PORT/PORT_0004/validation/run_spark_plan_collection.sh,cases/PORT/PORT_0004/validation/run_spark_plan_collection.sh,adapted_legacy_validation_asset,cases/PORT/PORT_0004/validation/collect_spark_plans.sh,3172,360b6f818097b8cb4795b441740cc969c58e6c0251e24748f03a77af0328eeb7,2b64c0a2d802fbdc222d615a0be09f757ce9fbc8e412faa0e97446640250b8d7,no_adapted,validation,validation,yes,retained validation asset,Copied/adapted retained legacy validation asset; not executed during migration.
PORT_0004,cases/PORT/PORT_0004/validation/run_spark_validation.sh,cases/PORT/PORT_0004/validation/run_spark_validation.sh,adapted_legacy_validation_asset,cases/PORT/PORT_0004/validation/run_spark_validation.sh,3207,0253070c451bdcd12294c7e277adedd956eb5b31ddfc035ebd57e055f3706a24,89775d2e594c0d1551ea717397835cf020f679600855dfaf5ef54916efbf4bac,no_adapted,validation,validation,yes,retained validation asset,Copied/adapted retained legacy validation asset; not executed during migration.
PORT_0004,cases/PORT/PORT_0004/validation/spark_witness_data.sql,cases/PORT/PORT_0004/validation/spark_witness_data.sql,generated,generated:port_final_bounded_batch,492,388bfc70b5578516d24a2a0e8c64a1922e9cf72a0d6a842fc29048d71dd02b29,,n/a,validation,validation,yes,retained validation asset,Generated or retained release package file.
PORT_0004,cases/PORT/PORT_0004/witness_design_notes.md,cases/PORT/PORT_0004/witness_design_notes.md,generated,generated:port_final_bounded_batch,770,42429bac005fca60bbbd915d777efd21e383b530cc847c8677ee5f18bf57a440,,n/a,other,other,yes,retained auxiliary file,Generated or retained release package file.
PORT_0022,cases/PORT/PORT_0022/MIGRATION_PILOT.md,cases/PORT/PORT_0022/MIGRATION_PILOT.md,existing_release_historical_pilot,cases/PORT/PORT_0022/MIGRATION_PILOT.md,1184,f1f3aa7482276f0b0c675cf3cd6b32c81edfea8c4125bff60d2a346196dcdf30,,n/a,documentation,root,yes,historical evidence-mapping pilot,Historical evidence-mapping pilot retained for regression compatibility.
PORT_0022,cases/PORT/PORT_0022/README.md,cases/PORT/PORT_0022/README.md,generated,generated:port_final_bounded_batch,2084,598da77e6b17b853e2bdfe10e6610ca9122ee9096d8f9ac6587eb21bddaeb596,,n/a,documentation,root,yes,case README,Generated or retained release package file.
PORT_0022,cases/PORT/PORT_0022/checker/checker.yaml,cases/PORT/PORT_0022/checker/checker.yaml,generated,generated:port_final_bounded_batch,582,a7d22072477cd4cd7cb46f19d45e4f9e0e62cbdbd55ab9d9da8f8c670cc45275,,n/a,checker,checker,yes,checker metadata,Generated or retained release package file.
PORT_0022,cases/PORT/PORT_0022/checker/compare_config.yaml,cases/PORT/PORT_0022/checker/compare_config.yaml,generated,generated:port_final_bounded_batch,209,ff5067333910305c3a003e8d4c587431bc5501af6e478a3beb284fe6e9da6da8,,n/a,checker,checker,yes,checker metadata,Generated or retained release package file.
PORT_0022,cases/PORT/PORT_0022/checker/expected_rejections.yaml,cases/PORT/PORT_0022/checker/expected_rejections.yaml,generated,generated:port_final_bounded_batch,2078,2f1b3bc2e28df14cb9daf20f2a939c6a534719bda24f743d11aba6f93199c2ee,,n/a,checker,checker,yes,checker metadata,Generated or retained release package file.
PORT_0022,cases/PORT/PORT_0022/checker/normalization.yaml,cases/PORT/PORT_0022/checker/normalization.yaml,generated,generated:port_final_bounded_batch,214,78b8f33889b09570339cebb26c918e15d94a5d5ba5ae33ced1c667c6a0e03eba,,n/a,checker,checker,yes,checker metadata,Generated or retained release package file.
PORT_0022,cases/PORT/PORT_0022/data/data_profile.yaml,cases/PORT/PORT_0022/data/data_profile.yaml,generated,generated:port_final_bounded_batch,127,d0dc5d48975c0b3b1fff51d4ccf6893af271454ada018686d2f238699e3ef726,,n/a,data,data,yes,data profile or fixture,Generated or retained release package file.
PORT_0022,cases/PORT/PORT_0022/data/witness_profile.yaml,cases/PORT/PORT_0022/data/witness_profile.yaml,generated,generated:port_final_bounded_batch,239,507d1af6094f15fb187d807ca2b77ab5802608a8d51ca3e61aede373143376ee,,n/a,data,data,yes,data profile or fixture,Generated or retained release package file.
PORT_0022,cases/PORT/PORT_0022/evidence/hard_negative/hard_negative_summary.json,cases/PORT/PORT_0022/evidence/hard_negative/hard_negative_summary.json,generated,generated:port_final_bounded_batch,388,a5c4116feb3d16515d263c2861d3c774b5ecb9db9d51280791d23f7d616ceed1,,n/a,evidence,evidence/hard_negative,yes,hard-negative evidence,Generated or retained release package file.
PORT_0022,cases/PORT/PORT_0022/evidence/hard_negative/postgres/rewrite_neg_01.tsv,cases/PORT/PORT_0022/evidence/hard_negative/postgres/rewrite_neg_01.tsv,copied_legacy_file,cases/PORT/PORT_0022/runs/pg/rewrite_neg_01.tsv,23,226ed83ecbdbdd9a7c475dc29ffb6027e9d463ce8198a1621c70987cc58d9f62,226ed83ecbdbdd9a7c475dc29ffb6027e9d463ce8198a1621c70987cc58d9f62,yes,evidence,evidence/hard_negative,yes,hard-negative evidence,Byte-for-byte public-safe copy from legacy source.
PORT_0022,cases/PORT/PORT_0022/evidence/hard_negative/spark/rewrite_neg_01.tsv,cases/PORT/PORT_0022/evidence/hard_negative/spark/rewrite_neg_01.tsv,copied_legacy_file,cases/PORT/PORT_0022/runs/spark/rewrite_neg_01.tsv,9,661d2e4d1ed4f89c32fbef69f8c1e95703e674fedd040007687a389dcdf6ec0d,661d2e4d1ed4f89c32fbef69f8c1e95703e674fedd040007687a389dcdf6ec0d,yes,evidence,evidence/hard_negative,yes,hard-negative evidence,Byte-for-byte public-safe copy from legacy source.
PORT_0022,cases/PORT/PORT_0022/evidence/package_validation_summary.json,cases/PORT/PORT_0022/evidence/package_validation_summary.json,generated,generated:port_final_bounded_batch,1149,044689b8e13c2378041d6dd1762713c2613ce413edde69627e9bb0b8e41289ea,,n/a,evidence,evidence,yes,evidence metadata,Generated or retained release package file.
PORT_0022,cases/PORT/PORT_0022/evidence/retained_controls/mysql/source.tsv,cases/PORT/PORT_0022/evidence/retained_controls/mysql/source.tsv,copied_legacy_file,cases/PORT/PORT_0022/runs/mysql/source.tsv,5,7747240b40ef7064f499d4ddd256767cba251ce7c2cc4b26faf542d9a2c5c104,7747240b40ef7064f499d4ddd256767cba251ce7c2cc4b26faf542d9a2c5c104,yes,evidence,evidence/retained_controls,yes,retained control evidence,Byte-for-byte public-safe copy from legacy source.
PORT_0022,cases/PORT/PORT_0022/evidence/retained_controls/postgres/rewrite_pos_01.tsv,cases/PORT/PORT_0022/evidence/retained_controls/postgres/rewrite_pos_01.tsv,copied_legacy_file,cases/PORT/PORT_0022/runs/pg/rewrite_pos_01.tsv,23,8f656ba13a14284f9e4f11d29e83fd2d9416e72146fe626589aed659763202df,8f656ba13a14284f9e4f11d29e83fd2d9416e72146fe626589aed659763202df,yes,evidence,evidence/retained_controls,yes,retained control evidence,Byte-for-byte public-safe copy from legacy source.
PORT_0022,cases/PORT/PORT_0022/evidence/retained_controls/result_check.json,cases/PORT/PORT_0022/evidence/retained_controls/result_check.json,copied_legacy_file,cases/PORT/PORT_0022/runs/result_check.json,1124,414988e83dbf03054bcad2b764ba043906f512dda74ce3fb53b960b38b76627a,414988e83dbf03054bcad2b764ba043906f512dda74ce3fb53b960b38b76627a,yes,evidence,evidence/retained_controls,yes,retained control evidence,Byte-for-byte public-safe copy from legacy source.
PORT_0022,cases/PORT/PORT_0022/evidence/retained_controls/spark/rewrite_pos_01.tsv,cases/PORT/PORT_0022/evidence/retained_controls/spark/rewrite_pos_01.tsv,copied_legacy_file,cases/PORT/PORT_0022/runs/spark/rewrite_pos_01.tsv,9,b968ace93aa6b7b5fe8929b9f80535bbba4d2b09adb64ca22d3fdb0a1bbd1fbb,b968ace93aa6b7b5fe8929b9f80535bbba4d2b09adb64ca22d3fdb0a1bbd1fbb,yes,evidence,evidence/retained_controls,yes,retained control evidence,Byte-for-byte public-safe copy from legacy source.
PORT_0022,cases/PORT/PORT_0022/evidence/retained_plans/mysql/source.json,cases/PORT/PORT_0022/evidence/retained_plans/mysql/source.json,copied_legacy_file,cases/PORT/PORT_0022/runs/mysql/plans/source.json,1380,2e1c708798dabfc4450efb50f94637dc9f0096a102f9e900cbc7d545da156b23,2e1c708798dabfc4450efb50f94637dc9f0096a102f9e900cbc7d545da156b23,yes,evidence,evidence/retained_plans,yes,retained plan evidence,Byte-for-byte public-safe copy from legacy source.
PORT_0022,cases/PORT/PORT_0022/evidence/retained_plans/plan_check.json,cases/PORT/PORT_0022/evidence/retained_plans/plan_check.json,copied_legacy_file,cases/PORT/PORT_0022/runs/plan_check.json,761,0b37b728ea6d9a17cb6693fafe17cee91e966f6b0d2a761de95fefe7d096bb63,0b37b728ea6d9a17cb6693fafe17cee91e966f6b0d2a761de95fefe7d096bb63,yes,evidence,evidence/retained_plans,yes,retained plan evidence,Byte-for-byte public-safe copy from legacy source.
PORT_0022,cases/PORT/PORT_0022/evidence/retained_plans/postgres/rewrite_neg_01.json,cases/PORT/PORT_0022/evidence/retained_plans/postgres/rewrite_neg_01.json,copied_legacy_file,cases/PORT/PORT_0022/runs/pg/plans/rewrite_neg_01.json,2064,792d557f09e42cf2dc806b30c553fe286e0c98703a414b15ad410b0186b13a6e,792d557f09e42cf2dc806b30c553fe286e0c98703a414b15ad410b0186b13a6e,yes,evidence,evidence/retained_plans,yes,retained plan evidence,Byte-for-byte public-safe copy from legacy source.
PORT_0022,cases/PORT/PORT_0022/evidence/retained_plans/postgres/rewrite_pos_01.json,cases/PORT/PORT_0022/evidence/retained_plans/postgres/rewrite_pos_01.json,copied_legacy_file,cases/PORT/PORT_0022/runs/pg/plans/rewrite_pos_01.json,2064,f460d37552268473803381fc3f8a10f356172d88ce2de27fce03fb0f8e946417,f460d37552268473803381fc3f8a10f356172d88ce2de27fce03fb0f8e946417,yes,evidence,evidence/retained_plans,yes,retained plan evidence,Byte-for-byte public-safe copy from legacy source.
PORT_0022,cases/PORT/PORT_0022/evidence/retained_plans/rewrite_neg_01.sanitized.txt,cases/PORT/PORT_0022/evidence/retained_plans/rewrite_neg_01.sanitized.txt,reused_existing_release_sanitized_file,existing release sanitized evidence or formal evidence-mapping pilot,2561,afc07b8bd8223d6c65930f35e11613a5aefbc2e5860133e30d9fe52f09095ead,,n/a,evidence,evidence/retained_plans,yes,retained plan evidence,Sanitized public evidence; raw local/log paths not copied.
PORT_0022,cases/PORT/PORT_0022/evidence/retained_plans/rewrite_pos_01.sanitized.txt,cases/PORT/PORT_0022/evidence/retained_plans/rewrite_pos_01.sanitized.txt,reused_existing_release_sanitized_file,existing release sanitized evidence or formal evidence-mapping pilot,2559,0417f83a6cf55ed9bb52c2059aaa13bdffd93d5740058d8a0ab276c12d2e1607,,n/a,evidence,evidence/retained_plans,yes,retained plan evidence,Sanitized public evidence; raw local/log paths not copied.
PORT_0022,cases/PORT/PORT_0022/evidence/runs_retention.yaml,cases/PORT/PORT_0022/evidence/runs_retention.yaml,generated,generated:port_final_bounded_batch,18096,a76fafebc8b0fc7920b967cf3ea3cc5864607dca006dab20d4a6e72b78323d42,,n/a,evidence,evidence,yes,evidence metadata,Generated or retained release package file.
PORT_0022,cases/PORT/PORT_0022/manifest.yaml,cases/PORT/PORT_0022/manifest.yaml,generated,generated:port_final_bounded_batch,4953,2059ffdb912ebaac2bf97efa321a18525d69cf54128ed3701926f77224800c56,,n/a,metadata,root,yes,canonical manifest,Generated or retained release package file.
PORT_0022,cases/PORT/PORT_0022/metadata/artifact_paths.yaml,cases/PORT/PORT_0022/metadata/artifact_paths.yaml,generated,generated:port_final_bounded_batch,311,b6405697ecb279b9188e9ec7b96a924cf4e0215e2b6e07e6fed0a4100765add7,,n/a,metadata,metadata,yes,metadata,Generated or retained release package file.
PORT_0022,cases/PORT/PORT_0022/metadata/denominator_eligibility.yaml,cases/PORT/PORT_0022/metadata/denominator_eligibility.yaml,generated,generated:port_final_bounded_batch,439,2a45b948138ee87f78bd1589690fa57982f371f8b1c8eb3e95acae3461fcea2f,,n/a,metadata,metadata,yes,metadata,Generated or retained release package file.
PORT_0022,cases/PORT/PORT_0022/metadata/engine_support.yaml,cases/PORT/PORT_0022/metadata/engine_support.yaml,generated,generated:port_final_bounded_batch,309,959f6321e079aa86e4b4582607166f6add9c4a5005adad58fbd0dd6c3391e591,,n/a,metadata,metadata,yes,metadata,Generated or retained release package file.
PORT_0022,cases/PORT/PORT_0022/metadata/provenance.yaml,cases/PORT/PORT_0022/metadata/provenance.yaml,generated,generated:port_final_bounded_batch,275,83d500e9508675af26c3e0252d8afa0de55d78b960a0ef394e29939368e58372,,n/a,metadata,metadata,yes,metadata,Generated or retained release package file.
PORT_0022,cases/PORT/PORT_0022/metadata/taxonomy.yaml,cases/PORT/PORT_0022/metadata/taxonomy.yaml,generated,generated:port_final_bounded_batch,324,dc5f831e8bfc285a403decb9a7e99d8f890ce5b69647e9e0d562dd968b0b23aa,,n/a,metadata,metadata,yes,metadata,Generated or retained release package file.
PORT_0022,cases/PORT/PORT_0022/notes/migration_notes.md,cases/PORT/PORT_0022/notes/migration_notes.md,generated,generated:port_final_bounded_batch,1270,59f907a58244858be4d46486aee0f948a2507ec20bf11462d4a7c76d7262f6f0,,n/a,notes,notes,yes,notes,Generated or retained release package file.
PORT_0022,cases/PORT/PORT_0022/notes/migration_pilot_history.md,cases/PORT/PORT_0022/notes/migration_pilot_history.md,generated,generated:port_final_bounded_batch,1471,622b504779167732993ef6e8ae1d6e9183f57b48f168a59782da4c83e9d8f26c,,n/a,notes,notes,yes,notes,Generated or retained release package file.
PORT_0022,cases/PORT/PORT_0022/notes/promotion_checklist.md,cases/PORT/PORT_0022/notes/promotion_checklist.md,generated,generated:port_final_bounded_batch,298,bcf95d5f068a471e5bb815e5b818269079e062e17347773dde4be0226bbfc54b,,n/a,notes,notes,yes,notes,Generated or retained release package file.
PORT_0022,cases/PORT/PORT_0022/notes/risk_notes.md,cases/PORT/PORT_0022/notes/risk_notes.md,generated,generated:port_final_bounded_batch,242,5b958860153420a47e1a475943bab706a2db149b4a9c4143246fc14950f1525b,,n/a,notes,notes,yes,notes,Generated or retained release package file.
PORT_0022,cases/PORT/PORT_0022/notes/schema_notes.md,cases/PORT/PORT_0022/notes/schema_notes.md,generated,generated:port_final_bounded_batch,203,a1cafcc75f014a3a49970e48bd1368ef32afe50cc2d21421b02249a8eea8aff4,,n/a,notes,notes,yes,notes,Generated or retained release package file.
PORT_0022,cases/PORT/PORT_0022/notes/witness_design_notes.md,cases/PORT/PORT_0022/notes/witness_design_notes.md,generated,generated:port_final_bounded_batch,270,db24e6fd78e5980a525e30393ff7d3e18230c2edb3fe4e65b4dd7ab0f79996be,,n/a,notes,notes,yes,notes,Generated or retained release package file.
PORT_0022,cases/PORT/PORT_0022/runs/README.md,cases/PORT/PORT_0022/runs/README.md,generated,generated:port_final_bounded_batch,198,932dc924821fe553f258a7574349a3a832ec97286d644ff06fc1af08bf780e89,,n/a,runs,runs,yes,runs placeholder,Generated or retained release package file.
PORT_0022,cases/PORT/PORT_0022/schema/mysql/ddl.sql,cases/PORT/PORT_0022/schema/mysql/ddl.sql,copied_legacy_file,cases/PORT/PORT_0022/schema/ddl_mysql.sql,114,30ff4a5e75832f4a71a5f98c5e982cc66bc102818c1fd9a4417d4ec2ba8f2247,30ff4a5e75832f4a71a5f98c5e982cc66bc102818c1fd9a4417d4ec2ba8f2247,yes,schema,schema,yes,schema/witness asset,Byte-for-byte public-safe copy from legacy source.
PORT_0022,cases/PORT/PORT_0022/schema/mysql/load.sql,cases/PORT/PORT_0022/schema/mysql/load.sql,copied_legacy_file,cases/PORT/PORT_0022/validation/mysql_witness_data.sql,233,932839bb87b1bd9a6cb269e13d98ffcf10b5993974015a15f1d4813675588922,932839bb87b1bd9a6cb269e13d98ffcf10b5993974015a15f1d4813675588922,yes,schema,schema,yes,schema/witness asset,Byte-for-byte public-safe copy from legacy source.
PORT_0022,cases/PORT/PORT_0022/schema/postgres/ddl.sql,cases/PORT/PORT_0022/schema/postgres/ddl.sql,copied_legacy_file,cases/PORT/PORT_0022/schema/ddl_pg.sql,131,9df6b406f517496e9952a6952cacc8c6c26913d081443c9e8efbde59743a4134,9df6b406f517496e9952a6952cacc8c6c26913d081443c9e8efbde59743a4134,yes,schema,schema,yes,schema/witness asset,Byte-for-byte public-safe copy from legacy source.
PORT_0022,cases/PORT/PORT_0022/schema/postgres/load.sql,cases/PORT/PORT_0022/schema/postgres/load.sql,copied_legacy_file,cases/PORT/PORT_0022/validation/pg_witness_data.sql,283,52b430afa72e093b4cb0524c7d1f58e293531c1eb262def6e2e85b231babf0d2,52b430afa72e093b4cb0524c7d1f58e293531c1eb262def6e2e85b231babf0d2,yes,schema,schema,yes,schema/witness asset,Byte-for-byte public-safe copy from legacy source.
PORT_0022,cases/PORT/PORT_0022/schema/schema_profile.yaml,cases/PORT/PORT_0022/schema/schema_profile.yaml,generated,generated:port_final_bounded_batch,361,b452e0e4cc94cb89cc37f8fc6e744a11fb89a259c1317526af4fae33297f36b8,,n/a,schema,schema,yes,schema/witness asset,Generated or retained release package file.
PORT_0022,cases/PORT/PORT_0022/schema/spark/ddl.sql,cases/PORT/PORT_0022/schema/spark/ddl.sql,copied_legacy_file,cases/PORT/PORT_0022/schema/ddl_spark.sql,143,d11f3e99ca0e73160d1dcb1793efcc503b8bf041ecca9e935ea022b9f0cf7323,d11f3e99ca0e73160d1dcb1793efcc503b8bf041ecca9e935ea022b9f0cf7323,yes,schema,schema,yes,schema/witness asset,Byte-for-byte public-safe copy from legacy source.
PORT_0022,cases/PORT/PORT_0022/schema/spark/load.sql,cases/PORT/PORT_0022/schema/spark/load.sql,copied_legacy_file,cases/PORT/PORT_0022/validation/spark_witness_data.sql,283,52b430afa72e093b4cb0524c7d1f58e293531c1eb262def6e2e85b231babf0d2,52b430afa72e093b4cb0524c7d1f58e293531c1eb262def6e2e85b231babf0d2,yes,schema,schema,yes,schema/witness asset,Byte-for-byte public-safe copy from legacy source.
PORT_0022,cases/PORT/PORT_0022/sql/negatives/neg_01.sql,cases/PORT/PORT_0022/sql/negatives/neg_01.sql,copied_legacy_file,cases/PORT/PORT_0022/rewrite_neg_01.sql,187,d62eaa9f32d57ff53c5ba2262eee5c3b9152bb8fe883098db6ab3bc8c8200cc6,d62eaa9f32d57ff53c5ba2262eee5c3b9152bb8fe883098db6ab3bc8c8200cc6,yes,sql,sql,yes,case SQL,Byte-for-byte public-safe copy from legacy source.
PORT_0022,cases/PORT/PORT_0022/sql/positives/pos_01.sql,cases/PORT/PORT_0022/sql/positives/pos_01.sql,copied_legacy_file,cases/PORT/PORT_0022/rewrite_pos_01.sql,187,8d5e4574df4eecb120613e61beb1f485efbec82b61e84311e3e6888173d636d2,8d5e4574df4eecb120613e61beb1f485efbec82b61e84311e3e6888173d636d2,yes,sql,sql,yes,case SQL,Byte-for-byte public-safe copy from legacy source.
PORT_0022,cases/PORT/PORT_0022/sql/source.sql,cases/PORT/PORT_0022/sql/source.sql,copied_legacy_file,cases/PORT/PORT_0022/source.sql,235,c2bfad6e238e73027a41a0ef7df09c11324c3d4de6ca631a2cf92049163f967f,c2bfad6e238e73027a41a0ef7df09c11324c3d4de6ca631a2cf92049163f967f,yes,sql,sql,yes,case SQL,Byte-for-byte public-safe copy from legacy source.
PORT_0022,cases/PORT/PORT_0022/validation/run_mysql_plan_collection.sh,cases/PORT/PORT_0022/validation/run_mysql_plan_collection.sh,adapted_legacy_validation_asset,cases/PORT/PORT_0022/validation/run_mysql_plan_collection.sh,1940,79125e35b7bed73463d3dd451ed6fe2abebb026cb0df90377cf00f1528c2bf6b,46d5ba05ba4dcbb66da0ad007836570a824b937dff40a5b208f734eb7e2b47b5,no_adapted,validation,validation,yes,retained validation asset,Copied/adapted retained legacy validation asset; not executed during migration.
PORT_0022,cases/PORT/PORT_0022/validation/run_mysql_validation.sh,cases/PORT/PORT_0022/validation/run_mysql_validation.sh,adapted_legacy_validation_asset,cases/PORT/PORT_0022/validation/run_mysql_validation.sh,3538,6fafe28a57b6c1afff0ab904f16cdf9ca40d5129dd609de69632cfcb3ca60529,1cf11df946797e0a3123bb0e6b2b93c94c7664013315f394eb3cf768fbab3ee6,no_adapted,validation,validation,yes,retained validation asset,Copied/adapted retained legacy validation asset; not executed during migration.
PORT_0022,cases/PORT/PORT_0022/validation/run_postgres_plan_collection.sh,cases/PORT/PORT_0022/validation/run_postgres_plan_collection.sh,adapted_legacy_validation_asset,cases/PORT/PORT_0022/validation/run_pg_plan_collection.sh,1455,761b3b728fb5f635c3b72df9e8fe1cd5e783c9fc212f1f0f3b272c307c349c45,6526b348b4b90253bcfed81a18c5b11d93b43c5c68f9cf886ca12bf4511b1aeb,no_adapted,validation,validation,yes,retained validation asset,Copied/adapted retained legacy validation asset; not executed during migration.
PORT_0022,cases/PORT/PORT_0022/validation/run_postgres_validation.sh,cases/PORT/PORT_0022/validation/run_postgres_validation.sh,adapted_legacy_validation_asset,cases/PORT/PORT_0022/validation/run_pg_validation.sh,1229,1d10c4d9a857d416c6bf770c403cbfd4991e22e2ec10eb712bd781d914ea63d3,b76bd247f9cb711cf3fd37c2efbf1c12b50e0890dcc1a12f928159d1586cfc98,no_adapted,validation,validation,yes,retained validation asset,Copied/adapted retained legacy validation asset; not executed during migration.
PORT_0022,cases/PORT/PORT_0022/validation/run_spark_plan_collection.sh,cases/PORT/PORT_0022/validation/run_spark_plan_collection.sh,adapted_legacy_validation_asset,cases/PORT/PORT_0022/validation/run_spark_plan_collection.sh,3341,696bd7acea60bdf3700dbda8cb5e2e0d1235b79bdfa39ab7b72c9a652c56c50a,d1600de9b056b020017f18084e1de409952b7f760489184518151499d8c0d366,no_adapted,validation,validation,yes,retained validation asset,Copied/adapted retained legacy validation asset; not executed during migration.
PORT_0022,cases/PORT/PORT_0022/validation/run_spark_validation.sh,cases/PORT/PORT_0022/validation/run_spark_validation.sh,adapted_legacy_validation_asset,cases/PORT/PORT_0022/validation/run_spark_validation.sh,4348,5b2efdb699c1e0a03f6bdf8897fb5826d41966b0dc87585eb1c556ce1cb2b118,5853d2fe3ae4c246ff2a30896d04455abece33af59c91b395bea9248b8eb3d21,no_adapted,validation,validation,yes,retained validation asset,Copied/adapted retained legacy validation asset; not executed during migration.
PORT_0024,cases/PORT/PORT_0024/MIGRATION_PILOT.md,cases/PORT/PORT_0024/MIGRATION_PILOT.md,existing_release_historical_pilot,cases/PORT/PORT_0024/MIGRATION_PILOT.md,1543,7a92c4cbc7a155633558eac9f38ec24e3837e1a424bdd26a095f332079427afe,,n/a,documentation,root,yes,historical evidence-mapping pilot,Historical evidence-mapping pilot retained for regression compatibility.
PORT_0024,cases/PORT/PORT_0024/README.md,cases/PORT/PORT_0024/README.md,generated,generated:port_final_bounded_batch,2107,5d73b073a030a6c741faf20b8c1041b19bc4cecd93c3a8217b6e44f389ad3164,,n/a,documentation,root,yes,case README,Generated or retained release package file.
PORT_0024,cases/PORT/PORT_0024/checker/checker.yaml,cases/PORT/PORT_0024/checker/checker.yaml,generated,generated:port_final_bounded_batch,582,75681737d8c6f5480b8c0f872a4dc58f7487e03bbe551bea37030dbda291c442,,n/a,checker,checker,yes,checker metadata,Generated or retained release package file.
PORT_0024,cases/PORT/PORT_0024/checker/compare_config.yaml,cases/PORT/PORT_0024/checker/compare_config.yaml,generated,generated:port_final_bounded_batch,209,6dfa13f7428bc8be56694163aaa4f660ffaebfd2417e79e1cb11fa825115dfd3,,n/a,checker,checker,yes,checker metadata,Generated or retained release package file.
PORT_0024,cases/PORT/PORT_0024/checker/expected_rejections.yaml,cases/PORT/PORT_0024/checker/expected_rejections.yaml,generated,generated:port_final_bounded_batch,2098,f32126a3fac438b6520a11593545602f6c21441ec3f1d41229afacdf075e0bed,,n/a,checker,checker,yes,checker metadata,Generated or retained release package file.
PORT_0024,cases/PORT/PORT_0024/checker/normalization.yaml,cases/PORT/PORT_0024/checker/normalization.yaml,generated,generated:port_final_bounded_batch,214,da16336168c3332733b48d2d2b3110feedc4e6b2616997113e54e1e126429357,,n/a,checker,checker,yes,checker metadata,Generated or retained release package file.
PORT_0024,cases/PORT/PORT_0024/data/data_profile.yaml,cases/PORT/PORT_0024/data/data_profile.yaml,generated,generated:port_final_bounded_batch,127,6de61e2706c50fd63ecf67b9ead5edbd6c45b786db0bee24715b058c4b641468,,n/a,data,data,yes,data profile or fixture,Generated or retained release package file.
PORT_0024,cases/PORT/PORT_0024/data/witness_profile.yaml,cases/PORT/PORT_0024/data/witness_profile.yaml,generated,generated:port_final_bounded_batch,227,23ace9be7e6eaa784857521cc606d8cc7a262a390c86073ef1e3daa45ed714b2,,n/a,data,data,yes,data profile or fixture,Generated or retained release package file.
PORT_0024,cases/PORT/PORT_0024/evidence/hard_negative/hard_negative_summary.json,cases/PORT/PORT_0024/evidence/hard_negative/hard_negative_summary.json,generated,generated:port_final_bounded_batch,417,2d9101aced37da68660ee6eb51040d6a2737049aa3a65a16b873f7c8acf4066a,,n/a,evidence,evidence/hard_negative,yes,hard-negative evidence,Generated or retained release package file.
PORT_0024,cases/PORT/PORT_0024/evidence/hard_negative/postgres/rewrite_neg_01.tsv,cases/PORT/PORT_0024/evidence/hard_negative/postgres/rewrite_neg_01.tsv,copied_legacy_file,cases/PORT/PORT_0024/runs/pg/rewrite_neg_01.tsv,20,00e2f90263606509ee78b017ad2b97b247ff89825a0f494c3b6f5fdc53a44aa7,00e2f90263606509ee78b017ad2b97b247ff89825a0f494c3b6f5fdc53a44aa7,yes,evidence,evidence/hard_negative,yes,hard-negative evidence,Byte-for-byte public-safe copy from legacy source.
PORT_0024,cases/PORT/PORT_0024/evidence/hard_negative/spark/rewrite_neg_01.tsv,cases/PORT/PORT_0024/evidence/hard_negative/spark/rewrite_neg_01.tsv,copied_legacy_file,cases/PORT/PORT_0024/runs/spark/rewrite_neg_01.tsv,18,e48efccb90ff9dbd855ec27ca979ef6bbf7cecafbb5e66c7b7a5897517826984,e48efccb90ff9dbd855ec27ca979ef6bbf7cecafbb5e66c7b7a5897517826984,yes,evidence,evidence/hard_negative,yes,hard-negative evidence,Byte-for-byte public-safe copy from legacy source.
PORT_0024,cases/PORT/PORT_0024/evidence/package_validation_summary.json,cases/PORT/PORT_0024/evidence/package_validation_summary.json,generated,generated:port_final_bounded_batch,1168,8cd2258a5c9a4d1278574736549dd5d12a50d560b2c737f42eb407faad2b5cf2,,n/a,evidence,evidence,yes,evidence metadata,Generated or retained release package file.
PORT_0024,cases/PORT/PORT_0024/evidence/retained_controls/mysql/source.tsv,cases/PORT/PORT_0024/evidence/retained_controls/mysql/source.tsv,copied_legacy_file,cases/PORT/PORT_0024/runs/mysql/source.tsv,3,7ea9844ae84eccbf55e8330640865e36c43521e45a1baec24233327aab7e6595,7ea9844ae84eccbf55e8330640865e36c43521e45a1baec24233327aab7e6595,yes,evidence,evidence/retained_controls,yes,retained control evidence,Byte-for-byte public-safe copy from legacy source.
PORT_0024,cases/PORT/PORT_0024/evidence/retained_controls/postgres/rewrite_pos_01.tsv,cases/PORT/PORT_0024/evidence/retained_controls/postgres/rewrite_pos_01.tsv,copied_legacy_file,cases/PORT/PORT_0024/runs/pg/rewrite_pos_01.tsv,20,03a521458fd61526e358023c49011dd36382844eb83895329712311f14e1b967,03a521458fd61526e358023c49011dd36382844eb83895329712311f14e1b967,yes,evidence,evidence/retained_controls,yes,retained control evidence,Byte-for-byte public-safe copy from legacy source.
PORT_0024,cases/PORT/PORT_0024/evidence/retained_controls/result_check.json,cases/PORT/PORT_0024/evidence/retained_controls/result_check.json,copied_legacy_file,cases/PORT/PORT_0024/runs/result_check.json,1119,8a492462eac8498f5018bd9a57f8ae44ae0e648f1a56fe81ca9d11d52f66fc33,8a492462eac8498f5018bd9a57f8ae44ae0e648f1a56fe81ca9d11d52f66fc33,yes,evidence,evidence/retained_controls,yes,retained control evidence,Byte-for-byte public-safe copy from legacy source.
PORT_0024,cases/PORT/PORT_0024/evidence/retained_controls/spark/rewrite_pos_01.tsv,cases/PORT/PORT_0024/evidence/retained_controls/spark/rewrite_pos_01.tsv,copied_legacy_file,cases/PORT/PORT_0024/runs/spark/rewrite_pos_01.tsv,18,82ac808fea3e9fa0bcebc46d03af36648a5edf86a43f4cba47da71b69019430e,82ac808fea3e9fa0bcebc46d03af36648a5edf86a43f4cba47da71b69019430e,yes,evidence,evidence/retained_controls,yes,retained control evidence,Byte-for-byte public-safe copy from legacy source.
PORT_0024,cases/PORT/PORT_0024/evidence/retained_controls/spark_result_check.sanitized_summary.json,cases/PORT/PORT_0024/evidence/retained_controls/spark_result_check.sanitized_summary.json,reused_existing_release_sanitized_file,existing release sanitized evidence or formal evidence-mapping pilot,1463,da9cd4a81b4eae12ac2327608b0f4b1e62051977e86cf5c5178c43009f1aac02,,n/a,evidence,evidence/retained_controls,yes,retained control evidence,Sanitized public evidence; raw local/log paths not copied.
PORT_0024,cases/PORT/PORT_0024/evidence/retained_plans/mysql/source.json,cases/PORT/PORT_0024/evidence/retained_plans/mysql/source.json,copied_legacy_file,cases/PORT/PORT_0024/runs/mysql/plans/source.json,525,89e5e5ed2e1caab40d3f7dff1c38b6020fa80b1ff69a2227565b4a8277b441a9,89e5e5ed2e1caab40d3f7dff1c38b6020fa80b1ff69a2227565b4a8277b441a9,yes,evidence,evidence/retained_plans,yes,retained plan evidence,Byte-for-byte public-safe copy from legacy source.
PORT_0024,cases/PORT/PORT_0024/evidence/retained_plans/plan_check.json,cases/PORT/PORT_0024/evidence/retained_plans/plan_check.json,copied_legacy_file,cases/PORT/PORT_0024/runs/plan_check.json,761,25bd3d18b1bfb12a3db88972892299964fa056dda8bee9669569cb3dc7955550,25bd3d18b1bfb12a3db88972892299964fa056dda8bee9669569cb3dc7955550,yes,evidence,evidence/retained_plans,yes,retained plan evidence,Byte-for-byte public-safe copy from legacy source.
PORT_0024,cases/PORT/PORT_0024/evidence/retained_plans/postgres/rewrite_neg_01.json,cases/PORT/PORT_0024/evidence/retained_plans/postgres/rewrite_neg_01.json,copied_legacy_file,cases/PORT/PORT_0024/runs/pg/plans/rewrite_neg_01.json,660,0a7a0fc25a27f912123ce9610e66f92664233e22dd4c6c7260f41d510312e616,0a7a0fc25a27f912123ce9610e66f92664233e22dd4c6c7260f41d510312e616,yes,evidence,evidence/retained_plans,yes,retained plan evidence,Byte-for-byte public-safe copy from legacy source.
PORT_0024,cases/PORT/PORT_0024/evidence/retained_plans/postgres/rewrite_pos_01.json,cases/PORT/PORT_0024/evidence/retained_plans/postgres/rewrite_pos_01.json,copied_legacy_file,cases/PORT/PORT_0024/runs/pg/plans/rewrite_pos_01.json,660,0a7a0fc25a27f912123ce9610e66f92664233e22dd4c6c7260f41d510312e616,0a7a0fc25a27f912123ce9610e66f92664233e22dd4c6c7260f41d510312e616,yes,evidence,evidence/retained_plans,yes,retained plan evidence,Byte-for-byte public-safe copy from legacy source.
PORT_0024,cases/PORT/PORT_0024/evidence/retained_plans/rewrite_neg_01.sanitized.txt,cases/PORT/PORT_0024/evidence/retained_plans/rewrite_neg_01.sanitized.txt,reused_existing_release_sanitized_file,existing release sanitized evidence or formal evidence-mapping pilot,1635,a817ef84cbb90b8e78c5b5f083a19f3e99ddfee8b87597af9552aa9f79bf149b,,n/a,evidence,evidence/retained_plans,yes,retained plan evidence,Sanitized public evidence; raw local/log paths not copied.
PORT_0024,cases/PORT/PORT_0024/evidence/retained_plans/rewrite_pos_01.sanitized.txt,cases/PORT/PORT_0024/evidence/retained_plans/rewrite_pos_01.sanitized.txt,reused_existing_release_sanitized_file,existing release sanitized evidence or formal evidence-mapping pilot,1635,46903965a592b0c33af93187bd23de12fa4e6b4b2770635de01376e9d8bcb4a1,,n/a,evidence,evidence/retained_plans,yes,retained plan evidence,Sanitized public evidence; raw local/log paths not copied.
PORT_0024,cases/PORT/PORT_0024/evidence/runs_retention.yaml,cases/PORT/PORT_0024/evidence/runs_retention.yaml,generated,generated:port_final_bounded_batch,20743,cb78a3062a66815c5ae68c15d8fc0016954f58869e831895119158e2d8ffb034,,n/a,evidence,evidence,yes,evidence metadata,Generated or retained release package file.
PORT_0024,cases/PORT/PORT_0024/manifest.yaml,cases/PORT/PORT_0024/manifest.yaml,generated,generated:port_final_bounded_batch,5027,a96a3dbfc511baa3f04bfb537d0ff3db4345d53d416435570255f2f80c0466e4,,n/a,metadata,root,yes,canonical manifest,Generated or retained release package file.
PORT_0024,cases/PORT/PORT_0024/metadata/artifact_paths.yaml,cases/PORT/PORT_0024/metadata/artifact_paths.yaml,generated,generated:port_final_bounded_batch,311,f2ef9992f407ac82d79fc4660b7a2f4244506a345d69085330c02923594ad97e,,n/a,metadata,metadata,yes,metadata,Generated or retained release package file.
PORT_0024,cases/PORT/PORT_0024/metadata/denominator_eligibility.yaml,cases/PORT/PORT_0024/metadata/denominator_eligibility.yaml,generated,generated:port_final_bounded_batch,439,e67c2d4918d97ecd2b4518b35b3866375111087beecb5d6f384119d657eb47a2,,n/a,metadata,metadata,yes,metadata,Generated or retained release package file.
PORT_0024,cases/PORT/PORT_0024/metadata/engine_support.yaml,cases/PORT/PORT_0024/metadata/engine_support.yaml,generated,generated:port_final_bounded_batch,309,d90408f6380a673cc94af394be8a96b8a21689d91579db9da91976110bbdb938,,n/a,metadata,metadata,yes,metadata,Generated or retained release package file.
PORT_0024,cases/PORT/PORT_0024/metadata/provenance.yaml,cases/PORT/PORT_0024/metadata/provenance.yaml,generated,generated:port_final_bounded_batch,276,0034024e8ecf63a63f4f1dc878a1ba31eb0e511a2468c0b77f7ba4c4891db3fd,,n/a,metadata,metadata,yes,metadata,Generated or retained release package file.
PORT_0024,cases/PORT/PORT_0024/metadata/taxonomy.yaml,cases/PORT/PORT_0024/metadata/taxonomy.yaml,generated,generated:port_final_bounded_batch,319,5e8a6ac851c956ef33e2297ab0b61cb620714dadfbbd4fd9ee4f6768bdf42202,,n/a,metadata,metadata,yes,metadata,Generated or retained release package file.
PORT_0024,cases/PORT/PORT_0024/notes/migration_notes.md,cases/PORT/PORT_0024/notes/migration_notes.md,generated,generated:port_final_bounded_batch,1335,2d281493bf2242b8a478f5eca09bff1a7f4f88eeee200ef2973a148ec2b4fa9c,,n/a,notes,notes,yes,notes,Generated or retained release package file.
PORT_0024,cases/PORT/PORT_0024/notes/migration_pilot_history.md,cases/PORT/PORT_0024/notes/migration_pilot_history.md,generated,generated:port_final_bounded_batch,1830,b95a0484998b435bdd659f455e87f59866b517072cebf35abc1dc71ce135fe0c,,n/a,notes,notes,yes,notes,Generated or retained release package file.
PORT_0024,cases/PORT/PORT_0024/notes/promotion_checklist.md,cases/PORT/PORT_0024/notes/promotion_checklist.md,generated,generated:port_final_bounded_batch,298,a422dd6d7c109b90385a5c9b2b086ba3f33a79f0e361033a05e40ace012d4b53,,n/a,notes,notes,yes,notes,Generated or retained release package file.
PORT_0024,cases/PORT/PORT_0024/notes/risk_notes.md,cases/PORT/PORT_0024/notes/risk_notes.md,generated,generated:port_final_bounded_batch,243,4be749b3fab6199ce24f423d942627d08eaf5e6d1612c4bf7fef7ca6266f35b1,,n/a,notes,notes,yes,notes,Generated or retained release package file.
PORT_0024,cases/PORT/PORT_0024/notes/schema_notes.md,cases/PORT/PORT_0024/notes/schema_notes.md,generated,generated:port_final_bounded_batch,203,01b7d443b869ba9b211177a333b1144d1efd367caa1f9868706c47f9ac56677d,,n/a,notes,notes,yes,notes,Generated or retained release package file.
PORT_0024,cases/PORT/PORT_0024/notes/witness_design_notes.md,cases/PORT/PORT_0024/notes/witness_design_notes.md,generated,generated:port_final_bounded_batch,273,ba13719a72e3c9f500e8ce938889f0b46a5061cceeb065fdad130517837259b5,,n/a,notes,notes,yes,notes,Generated or retained release package file.
PORT_0024,cases/PORT/PORT_0024/runs/README.md,cases/PORT/PORT_0024/runs/README.md,generated,generated:port_final_bounded_batch,198,aca22609963723d4656d9da55fe147b35dcfbd30e9cf536cb1e55463b283d669,,n/a,runs,runs,yes,runs placeholder,Generated or retained release package file.
PORT_0024,cases/PORT/PORT_0024/schema/mysql/ddl.sql,cases/PORT/PORT_0024/schema/mysql/ddl.sql,copied_legacy_file,cases/PORT/PORT_0024/schema/ddl_mysql.sql,67,d9ec28bdce1553ca94bb9eeb5ac8d41fbcc3823512d511818bc12f13c2ceff91,d9ec28bdce1553ca94bb9eeb5ac8d41fbcc3823512d511818bc12f13c2ceff91,yes,schema,schema,yes,schema/witness asset,Byte-for-byte public-safe copy from legacy source.
PORT_0024,cases/PORT/PORT_0024/schema/mysql/load.sql,cases/PORT/PORT_0024/schema/mysql/load.sql,copied_legacy_file,cases/PORT/PORT_0024/validation/mysql_witness_data.sql,69,6db7ba5059fa52e39062704830f6f0167475f0afa43852a131a9f73e09f86a29,6db7ba5059fa52e39062704830f6f0167475f0afa43852a131a9f73e09f86a29,yes,schema,schema,yes,schema/witness asset,Byte-for-byte public-safe copy from legacy source.
PORT_0024,cases/PORT/PORT_0024/schema/postgres/ddl.sql,cases/PORT/PORT_0024/schema/postgres/ddl.sql,copied_legacy_file,cases/PORT/PORT_0024/schema/ddl_pg.sql,79,726e414ef3e81b3d9d3b2cf75157d0c62c594147e73cd686bd45b8049a68d5d9,726e414ef3e81b3d9d3b2cf75157d0c62c594147e73cd686bd45b8049a68d5d9,yes,schema,schema,yes,schema/witness asset,Byte-for-byte public-safe copy from legacy source.
PORT_0024,cases/PORT/PORT_0024/schema/postgres/load.sql,cases/PORT/PORT_0024/schema/postgres/load.sql,copied_legacy_file,cases/PORT/PORT_0024/validation/pg_witness_data.sql,69,6db7ba5059fa52e39062704830f6f0167475f0afa43852a131a9f73e09f86a29,6db7ba5059fa52e39062704830f6f0167475f0afa43852a131a9f73e09f86a29,yes,schema,schema,yes,schema/witness asset,Byte-for-byte public-safe copy from legacy source.
PORT_0024,cases/PORT/PORT_0024/schema/schema_profile.yaml,cases/PORT/PORT_0024/schema/schema_profile.yaml,generated,generated:port_final_bounded_batch,349,b976d5bdaeab45d2bc2ab8d123288668f8c709015d5161177f0af90397e42360,,n/a,schema,schema,yes,schema/witness asset,Generated or retained release package file.
PORT_0024,cases/PORT/PORT_0024/schema/spark/ddl.sql,cases/PORT/PORT_0024/schema/spark/ddl.sql,copied_legacy_file,cases/PORT/PORT_0024/schema/ddl_spark.sql,81,4a782acf278aba4de3908eb73b4fa7c6f451461f50f403f27579420d560eef28,4a782acf278aba4de3908eb73b4fa7c6f451461f50f403f27579420d560eef28,yes,schema,schema,yes,schema/witness asset,Byte-for-byte public-safe copy from legacy source.
PORT_0024,cases/PORT/PORT_0024/schema/spark/load.sql,cases/PORT/PORT_0024/schema/spark/load.sql,copied_legacy_file,cases/PORT/PORT_0024/validation/spark_witness_data.sql,69,6db7ba5059fa52e39062704830f6f0167475f0afa43852a131a9f73e09f86a29,6db7ba5059fa52e39062704830f6f0167475f0afa43852a131a9f73e09f86a29,yes,schema,schema,yes,schema/witness asset,Byte-for-byte public-safe copy from legacy source.
PORT_0024,cases/PORT/PORT_0024/sql/negatives/neg_01.sql,cases/PORT/PORT_0024/sql/negatives/neg_01.sql,copied_legacy_file,cases/PORT/PORT_0024/rewrite_neg_01.sql,111,a63bf15b5a25425d39d48bcd5b6a5e75f4c7668d1bdaaedc78824ffac4cfb3a3,a63bf15b5a25425d39d48bcd5b6a5e75f4c7668d1bdaaedc78824ffac4cfb3a3,yes,sql,sql,yes,case SQL,Byte-for-byte public-safe copy from legacy source.
PORT_0024,cases/PORT/PORT_0024/sql/positives/pos_01.sql,cases/PORT/PORT_0024/sql/positives/pos_01.sql,copied_legacy_file,cases/PORT/PORT_0024/rewrite_pos_01.sql,111,29547e6dfc529eac771cabe7c0da63faa0d65dda933867002b93e6e7bbf5952a,29547e6dfc529eac771cabe7c0da63faa0d65dda933867002b93e6e7bbf5952a,yes,sql,sql,yes,case SQL,Byte-for-byte public-safe copy from legacy source.
PORT_0024,cases/PORT/PORT_0024/sql/source.sql,cases/PORT/PORT_0024/sql/source.sql,copied_legacy_file,cases/PORT/PORT_0024/source.sql,139,f3d118fe405944ef044a57ee3cf1834c75a63ffc76cbe15f7640db66726d242f,f3d118fe405944ef044a57ee3cf1834c75a63ffc76cbe15f7640db66726d242f,yes,sql,sql,yes,case SQL,Byte-for-byte public-safe copy from legacy source.
PORT_0024,cases/PORT/PORT_0024/validation/run_mysql_plan_collection.sh,cases/PORT/PORT_0024/validation/run_mysql_plan_collection.sh,adapted_legacy_validation_asset,cases/PORT/PORT_0024/validation/run_mysql_plan_collection.sh,1940,ef00e83bc491030de02ba760c7b13762eb450e7b9d9a8f48e501e9d41a914d74,9d5371d2d6e988f1469d04d9d68ca7d071bfba907adfef4315e47076af390bda,no_adapted,validation,validation,yes,retained validation asset,Copied/adapted retained legacy validation asset; not executed during migration.
PORT_0024,cases/PORT/PORT_0024/validation/run_mysql_validation.sh,cases/PORT/PORT_0024/validation/run_mysql_validation.sh,adapted_legacy_validation_asset,cases/PORT/PORT_0024/validation/run_mysql_validation.sh,1879,434306cc3511d99ded03486c1aa01684c0640030cabfc09b10d82d14bedf18e5,b24d0825ec78eedd08ed1e7d5184c168663250fceea70d37b8d3b14d1f7b7680,no_adapted,validation,validation,yes,retained validation asset,Copied/adapted retained legacy validation asset; not executed during migration.
PORT_0024,cases/PORT/PORT_0024/validation/run_postgres_plan_collection.sh,cases/PORT/PORT_0024/validation/run_postgres_plan_collection.sh,adapted_legacy_validation_asset,cases/PORT/PORT_0024/validation/run_pg_plan_collection.sh,1455,30477845bd07313b8a72a9df91d44624c7fbaf81db85177e197d684ed1f4ed2c,e9c43d1408a8246a4000b0fa2a97de7377c06cdbabdf65359c0949519a593db3,no_adapted,validation,validation,yes,retained validation asset,Copied/adapted retained legacy validation asset; not executed during migration.
PORT_0024,cases/PORT/PORT_0024/validation/run_postgres_validation.sh,cases/PORT/PORT_0024/validation/run_postgres_validation.sh,adapted_legacy_validation_asset,cases/PORT/PORT_0024/validation/run_pg_validation.sh,1229,e68b001eec34f89254b57539ce893485c598abc315ae3ec24a47cc162771cb9c,5736dcb75181067e476b6b86bfd9c16f9cce05388a3a4bf655ac2db480a9e631,no_adapted,validation,validation,yes,retained validation asset,Copied/adapted retained legacy validation asset; not executed during migration.
PORT_0024,cases/PORT/PORT_0024/validation/run_spark_plan_collection.sh,cases/PORT/PORT_0024/validation/run_spark_plan_collection.sh,adapted_legacy_validation_asset,cases/PORT/PORT_0024/validation/run_spark_plan_collection.sh,3341,c5029d29f9916a8ac222dfce460ff50b21f2ce972c8d7d9319f3ed13512f34a9,8b24f118b0b09d7a4138bcc3a18da8923db0ab3600bb0ea05bcd0fc80dee3cb4,no_adapted,validation,validation,yes,retained validation asset,Copied/adapted retained legacy validation asset; not executed during migration.
PORT_0024,cases/PORT/PORT_0024/validation/run_spark_validation.sh,cases/PORT/PORT_0024/validation/run_spark_validation.sh,adapted_legacy_validation_asset,cases/PORT/PORT_0024/validation/run_spark_validation.sh,2934,9bc904255e0d960bd90bf70d8e4c0e6d81a49eced95e87822c49f79a3ce931da,d623bead8b9691e4982bd74362634c03ee9c239a8b94f1b52c0a70743d007cba,no_adapted,validation,validation,yes,retained validation asset,Copied/adapted retained legacy validation asset; not executed during migration.
PORT_0025,cases/PORT/PORT_0025/MIGRATION_PILOT.md,cases/PORT/PORT_0025/MIGRATION_PILOT.md,existing_release_historical_pilot,cases/PORT/PORT_0025/MIGRATION_PILOT.md,1184,d81f0fa04df860c56d2a3f046bcb97605897cebc0642742d6dc5f64fdcf04195,,n/a,documentation,root,yes,historical evidence-mapping pilot,Historical evidence-mapping pilot retained for regression compatibility.
PORT_0025,cases/PORT/PORT_0025/README.md,cases/PORT/PORT_0025/README.md,generated,generated:port_final_bounded_batch,2056,ecec3fcfcb2bdeb60ff70e466795a155bc7e8b061f592df096f4a19d8fd2ad1a,,n/a,documentation,root,yes,case README,Generated or retained release package file.
PORT_0025,cases/PORT/PORT_0025/checker/checker.yaml,cases/PORT/PORT_0025/checker/checker.yaml,generated,generated:port_final_bounded_batch,582,ce43aaf582d2757b2b92b89e058e0773593ef8d0520df2a13e6af64e215aa06e,,n/a,checker,checker,yes,checker metadata,Generated or retained release package file.
PORT_0025,cases/PORT/PORT_0025/checker/compare_config.yaml,cases/PORT/PORT_0025/checker/compare_config.yaml,generated,generated:port_final_bounded_batch,209,99892db39e0ddfb9dbfde6279cbd8a1c2f803d281154c867a942907ab37c6b36,,n/a,checker,checker,yes,checker metadata,Generated or retained release package file.
PORT_0025,cases/PORT/PORT_0025/checker/expected_rejections.yaml,cases/PORT/PORT_0025/checker/expected_rejections.yaml,generated,generated:port_final_bounded_batch,2039,443edcdf42fd564215239bec5a865097aacadc53304be855692b01df85b9ac10,,n/a,checker,checker,yes,checker metadata,Generated or retained release package file.
PORT_0025,cases/PORT/PORT_0025/checker/normalization.yaml,cases/PORT/PORT_0025/checker/normalization.yaml,generated,generated:port_final_bounded_batch,214,5cdac9c3231272f277c3328ba09ad0bb0f7897a6a229d426a747a3ba0b8eff53,,n/a,checker,checker,yes,checker metadata,Generated or retained release package file.
PORT_0025,cases/PORT/PORT_0025/data/data_profile.yaml,cases/PORT/PORT_0025/data/data_profile.yaml,generated,generated:port_final_bounded_batch,127,69f8f09bc94a2937ed3a5eab8cb8d51572b14e8c15b9cc5d8eacfbdbc941ce8f,,n/a,data,data,yes,data profile or fixture,Generated or retained release package file.
PORT_0025,cases/PORT/PORT_0025/data/witness_profile.yaml,cases/PORT/PORT_0025/data/witness_profile.yaml,generated,generated:port_final_bounded_batch,236,62ded3ee443d1efa6812eadc3fd0d936e87d473d96c852667739a1952247c743,,n/a,data,data,yes,data profile or fixture,Generated or retained release package file.
PORT_0025,cases/PORT/PORT_0025/evidence/hard_negative/hard_negative_summary.json,cases/PORT/PORT_0025/evidence/hard_negative/hard_negative_summary.json,generated,generated:port_final_bounded_batch,393,64d04c03a201fd2693cf6c448912e6b739184f917bb0c4e9063e04d9d3e6633b,,n/a,evidence,evidence/hard_negative,yes,hard-negative evidence,Generated or retained release package file.
PORT_0025,cases/PORT/PORT_0025/evidence/hard_negative/postgres/rewrite_neg_01.tsv,cases/PORT/PORT_0025/evidence/hard_negative/postgres/rewrite_neg_01.tsv,copied_legacy_file,cases/PORT/PORT_0025/runs/pg/rewrite_neg_01.tsv,2,4355a46b19d348dc2f57c046f8ef63d4538ebb936000f3c9ee954a27460dd865,4355a46b19d348dc2f57c046f8ef63d4538ebb936000f3c9ee954a27460dd865,yes,evidence,evidence/hard_negative,yes,hard-negative evidence,Byte-for-byte public-safe copy from legacy source.
PORT_0025,cases/PORT/PORT_0025/evidence/hard_negative/spark/rewrite_neg_01.tsv,cases/PORT/PORT_0025/evidence/hard_negative/spark/rewrite_neg_01.tsv,copied_legacy_file,cases/PORT/PORT_0025/runs/spark/rewrite_neg_01.tsv,2,4355a46b19d348dc2f57c046f8ef63d4538ebb936000f3c9ee954a27460dd865,4355a46b19d348dc2f57c046f8ef63d4538ebb936000f3c9ee954a27460dd865,yes,evidence,evidence/hard_negative,yes,hard-negative evidence,Byte-for-byte public-safe copy from legacy source.
PORT_0025,cases/PORT/PORT_0025/evidence/package_validation_summary.json,cases/PORT/PORT_0025/evidence/package_validation_summary.json,generated,generated:port_final_bounded_batch,1149,3260b7807d18a20f5c50401307485e36cb1a5503fddfded30ad5181675b5f80e,,n/a,evidence,evidence,yes,evidence metadata,Generated or retained release package file.
PORT_0025,cases/PORT/PORT_0025/evidence/retained_controls/mysql/source.tsv,cases/PORT/PORT_0025/evidence/retained_controls/mysql/source.tsv,copied_legacy_file,cases/PORT/PORT_0025/runs/mysql/source.tsv,2,53c234e5e8472b6ac51c1ae1cab3fe06fad053beb8ebfd8977b010655bfdd3c3,53c234e5e8472b6ac51c1ae1cab3fe06fad053beb8ebfd8977b010655bfdd3c3,yes,evidence,evidence/retained_controls,yes,retained control evidence,Byte-for-byte public-safe copy from legacy source.
PORT_0025,cases/PORT/PORT_0025/evidence/retained_controls/postgres/rewrite_pos_01.tsv,cases/PORT/PORT_0025/evidence/retained_controls/postgres/rewrite_pos_01.tsv,copied_legacy_file,cases/PORT/PORT_0025/runs/pg/rewrite_pos_01.tsv,2,53c234e5e8472b6ac51c1ae1cab3fe06fad053beb8ebfd8977b010655bfdd3c3,53c234e5e8472b6ac51c1ae1cab3fe06fad053beb8ebfd8977b010655bfdd3c3,yes,evidence,evidence/retained_controls,yes,retained control evidence,Byte-for-byte public-safe copy from legacy source.
PORT_0025,cases/PORT/PORT_0025/evidence/retained_controls/result_check.json,cases/PORT/PORT_0025/evidence/retained_controls/result_check.json,copied_legacy_file,cases/PORT/PORT_0025/runs/result_check.json,1097,f4d85f55a8f73945511791638d6edc3c16ce7fc478b3177c4c6de96f95e1e657,f4d85f55a8f73945511791638d6edc3c16ce7fc478b3177c4c6de96f95e1e657,yes,evidence,evidence/retained_controls,yes,retained control evidence,Byte-for-byte public-safe copy from legacy source.
PORT_0025,cases/PORT/PORT_0025/evidence/retained_controls/spark/rewrite_pos_01.tsv,cases/PORT/PORT_0025/evidence/retained_controls/spark/rewrite_pos_01.tsv,copied_legacy_file,cases/PORT/PORT_0025/runs/spark/rewrite_pos_01.tsv,2,53c234e5e8472b6ac51c1ae1cab3fe06fad053beb8ebfd8977b010655bfdd3c3,53c234e5e8472b6ac51c1ae1cab3fe06fad053beb8ebfd8977b010655bfdd3c3,yes,evidence,evidence/retained_controls,yes,retained control evidence,Byte-for-byte public-safe copy from legacy source.
PORT_0025,cases/PORT/PORT_0025/evidence/retained_plans/mysql/source.json,cases/PORT/PORT_0025/evidence/retained_plans/mysql/source.json,copied_legacy_file,cases/PORT/PORT_0025/runs/mysql/plans/source.json,1591,2747141e9d5408743d17a0985dae7ac39473cfa97e72e57f187d7f2aed30f361,2747141e9d5408743d17a0985dae7ac39473cfa97e72e57f187d7f2aed30f361,yes,evidence,evidence/retained_plans,yes,retained plan evidence,Byte-for-byte public-safe copy from legacy source.
PORT_0025,cases/PORT/PORT_0025/evidence/retained_plans/plan_check.json,cases/PORT/PORT_0025/evidence/retained_plans/plan_check.json,copied_legacy_file,cases/PORT/PORT_0025/runs/plan_check.json,761,efc83beb1ecb08244450597f0f36e6e1b78801689a6d7d8d3708c72b63266eb5,efc83beb1ecb08244450597f0f36e6e1b78801689a6d7d8d3708c72b63266eb5,yes,evidence,evidence/retained_plans,yes,retained plan evidence,Byte-for-byte public-safe copy from legacy source.
PORT_0025,cases/PORT/PORT_0025/evidence/retained_plans/postgres/rewrite_neg_01.json,cases/PORT/PORT_0025/evidence/retained_plans/postgres/rewrite_neg_01.json,copied_legacy_file,cases/PORT/PORT_0025/runs/pg/plans/rewrite_neg_01.json,2601,b71ec304f0311def2f8006a78ff86f0e101d31fec8d1c79affbed003f99d54ab,b71ec304f0311def2f8006a78ff86f0e101d31fec8d1c79affbed003f99d54ab,yes,evidence,evidence/retained_plans,yes,retained plan evidence,Byte-for-byte public-safe copy from legacy source.
PORT_0025,cases/PORT/PORT_0025/evidence/retained_plans/postgres/rewrite_pos_01.json,cases/PORT/PORT_0025/evidence/retained_plans/postgres/rewrite_pos_01.json,copied_legacy_file,cases/PORT/PORT_0025/runs/pg/plans/rewrite_pos_01.json,2606,c330dd11ba5e38b8db11d8a56dad73c22a1e04e6394c7e04f6bf38cfc4779b29,c330dd11ba5e38b8db11d8a56dad73c22a1e04e6394c7e04f6bf38cfc4779b29,yes,evidence,evidence/retained_plans,yes,retained plan evidence,Byte-for-byte public-safe copy from legacy source.
PORT_0025,cases/PORT/PORT_0025/evidence/retained_plans/rewrite_neg_01.sanitized.txt,cases/PORT/PORT_0025/evidence/retained_plans/rewrite_neg_01.sanitized.txt,reused_existing_release_sanitized_file,existing release sanitized evidence or formal evidence-mapping pilot,2239,fe1b371ffa252ffc79a4eb86c78ddf2ad127d5c11328731eb730ef15bf9391f5,,n/a,evidence,evidence/retained_plans,yes,retained plan evidence,Sanitized public evidence; raw local/log paths not copied.
PORT_0025,cases/PORT/PORT_0025/evidence/retained_plans/rewrite_pos_01.sanitized.txt,cases/PORT/PORT_0025/evidence/retained_plans/rewrite_pos_01.sanitized.txt,reused_existing_release_sanitized_file,existing release sanitized evidence or formal evidence-mapping pilot,2239,1c97873f0a2a689dfd79cbef886daf7cab50651c7b0cd74e8c1b3bcc7dbe1650,,n/a,evidence,evidence/retained_plans,yes,retained plan evidence,Sanitized public evidence; raw local/log paths not copied.
PORT_0025,cases/PORT/PORT_0025/evidence/runs_retention.yaml,cases/PORT/PORT_0025/evidence/runs_retention.yaml,generated,generated:port_final_bounded_batch,18096,44850ad008e2655cfbf3f8ce1dadf24298bb5952d9dfcc8ef96d9512c4cb6bb6,,n/a,evidence,evidence,yes,evidence metadata,Generated or retained release package file.
PORT_0025,cases/PORT/PORT_0025/manifest.yaml,cases/PORT/PORT_0025/manifest.yaml,generated,generated:port_final_bounded_batch,4954,9844bc1cc689f417a529691cdb41779578e85bda8b74c429a4584b3fdbbab58b,,n/a,metadata,root,yes,canonical manifest,Generated or retained release package file.
PORT_0025,cases/PORT/PORT_0025/metadata/artifact_paths.yaml,cases/PORT/PORT_0025/metadata/artifact_paths.yaml,generated,generated:port_final_bounded_batch,311,bbdbf6d49bb3122f56bfdcdd9ea944a6c7e170113c43d48851509f416248e04b,,n/a,metadata,metadata,yes,metadata,Generated or retained release package file.
PORT_0025,cases/PORT/PORT_0025/metadata/denominator_eligibility.yaml,cases/PORT/PORT_0025/metadata/denominator_eligibility.yaml,generated,generated:port_final_bounded_batch,439,ee869c7845b62f6fb8b02d8745ad004a1f747dba9215e4aa2cb814b3826e5612,,n/a,metadata,metadata,yes,metadata,Generated or retained release package file.
PORT_0025,cases/PORT/PORT_0025/metadata/engine_support.yaml,cases/PORT/PORT_0025/metadata/engine_support.yaml,generated,generated:port_final_bounded_batch,309,9f3982b97658ed7d0adc02754f7a54aa19bdd9198c9718167847e77881d15e07,,n/a,metadata,metadata,yes,metadata,Generated or retained release package file.
PORT_0025,cases/PORT/PORT_0025/metadata/provenance.yaml,cases/PORT/PORT_0025/metadata/provenance.yaml,generated,generated:port_final_bounded_batch,276,76c74b6c8c713c7964dc587ba4b667e5c276c8107cff8cb1b3427ca82082aead,,n/a,metadata,metadata,yes,metadata,Generated or retained release package file.
PORT_0025,cases/PORT/PORT_0025/metadata/taxonomy.yaml,cases/PORT/PORT_0025/metadata/taxonomy.yaml,generated,generated:port_final_bounded_batch,326,f930d246fc002af4eea70cff33d158b4f56236fe00a1d508d6bde064f2b328c1,,n/a,metadata,metadata,yes,metadata,Generated or retained release package file.
PORT_0025,cases/PORT/PORT_0025/notes/migration_notes.md,cases/PORT/PORT_0025/notes/migration_notes.md,generated,generated:port_final_bounded_batch,1275,c546fa22bf0e19f8543299a9c8e49230217e24b9a235d8626fbba27dd37fc199,,n/a,notes,notes,yes,notes,Generated or retained release package file.
PORT_0025,cases/PORT/PORT_0025/notes/migration_pilot_history.md,cases/PORT/PORT_0025/notes/migration_pilot_history.md,generated,generated:port_final_bounded_batch,1471,a2fdd50a83c4a8aed40ee5b602bb53057bc8c469e83a7b486e308e55bc9b037b,,n/a,notes,notes,yes,notes,Generated or retained release package file.
PORT_0025,cases/PORT/PORT_0025/notes/promotion_checklist.md,cases/PORT/PORT_0025/notes/promotion_checklist.md,generated,generated:port_final_bounded_batch,298,eb08c1f50eee99c86201c4022d96cc732c85b31fbae9327bdce129f93cc8a3a3,,n/a,notes,notes,yes,notes,Generated or retained release package file.
PORT_0025,cases/PORT/PORT_0025/notes/risk_notes.md,cases/PORT/PORT_0025/notes/risk_notes.md,generated,generated:port_final_bounded_batch,260,911cb6a3ed4f5ce38dc58bbb782bc2507ca1c52f17b0ca644143953d4f753a41,,n/a,notes,notes,yes,notes,Generated or retained release package file.
PORT_0025,cases/PORT/PORT_0025/notes/schema_notes.md,cases/PORT/PORT_0025/notes/schema_notes.md,generated,generated:port_final_bounded_batch,203,4b8f3e2bcc165d56111f982a3ef6cc2965de84be1369b4a76f3bcee5e19141ec,,n/a,notes,notes,yes,notes,Generated or retained release package file.
PORT_0025,cases/PORT/PORT_0025/notes/witness_design_notes.md,cases/PORT/PORT_0025/notes/witness_design_notes.md,generated,generated:port_final_bounded_batch,275,b09fce70d66f01805b97b4d50594e211be6cc4562f5b5667384efda4dff9a6dd,,n/a,notes,notes,yes,notes,Generated or retained release package file.
PORT_0025,cases/PORT/PORT_0025/runs/README.md,cases/PORT/PORT_0025/runs/README.md,generated,generated:port_final_bounded_batch,198,00a04ef7024a53c93601612d209ddbd316ae332df07e49c3b514d6d718967223,,n/a,runs,runs,yes,runs placeholder,Generated or retained release package file.
PORT_0025,cases/PORT/PORT_0025/schema/mysql/ddl.sql,cases/PORT/PORT_0025/schema/mysql/ddl.sql,copied_legacy_file,cases/PORT/PORT_0025/schema/ddl_mysql.sql,120,963278e08ec6ae6d7f009bf7426267a6c67526afe10a51e34baa417f8f7e9f82,963278e08ec6ae6d7f009bf7426267a6c67526afe10a51e34baa417f8f7e9f82,yes,schema,schema,yes,schema/witness asset,Byte-for-byte public-safe copy from legacy source.
PORT_0025,cases/PORT/PORT_0025/schema/mysql/load.sql,cases/PORT/PORT_0025/schema/mysql/load.sql,copied_legacy_file,cases/PORT/PORT_0025/validation/mysql_witness_data.sql,154,40d7c8cbf2175e6f94b89e9ca725f0086f866c482cbf12947b42156acaf53f81,40d7c8cbf2175e6f94b89e9ca725f0086f866c482cbf12947b42156acaf53f81,yes,schema,schema,yes,schema/witness asset,Byte-for-byte public-safe copy from legacy source.
PORT_0025,cases/PORT/PORT_0025/schema/postgres/ddl.sql,cases/PORT/PORT_0025/schema/postgres/ddl.sql,copied_legacy_file,cases/PORT/PORT_0025/schema/ddl_pg.sql,136,c628f4202bfa63fbb6f434e5cf676f24999543b73a020c36c5a30df1527419f6,c628f4202bfa63fbb6f434e5cf676f24999543b73a020c36c5a30df1527419f6,yes,schema,schema,yes,schema/witness asset,Byte-for-byte public-safe copy from legacy source.
PORT_0025,cases/PORT/PORT_0025/schema/postgres/load.sql,cases/PORT/PORT_0025/schema/postgres/load.sql,copied_legacy_file,cases/PORT/PORT_0025/validation/pg_witness_data.sql,169,ccb9a4551d11434b41906664e4d60b3935f9981078fac35f3f4ea7961cc5b9a8,ccb9a4551d11434b41906664e4d60b3935f9981078fac35f3f4ea7961cc5b9a8,yes,schema,schema,yes,schema/witness asset,Byte-for-byte public-safe copy from legacy source.
PORT_0025,cases/PORT/PORT_0025/schema/schema_profile.yaml,cases/PORT/PORT_0025/schema/schema_profile.yaml,generated,generated:port_final_bounded_batch,358,ef06f691d6883c4b2edd3a0b3d21db330366c5b0dcd5cb4a7d69874b7b7f0abb,,n/a,schema,schema,yes,schema/witness asset,Generated or retained release package file.
PORT_0025,cases/PORT/PORT_0025/schema/spark/ddl.sql,cases/PORT/PORT_0025/schema/spark/ddl.sql,copied_legacy_file,cases/PORT/PORT_0025/schema/ddl_spark.sql,148,e6365be5b8f1df076525c439d74d8dcdd1e412a631547d923d1119da945cbc25,e6365be5b8f1df076525c439d74d8dcdd1e412a631547d923d1119da945cbc25,yes,schema,schema,yes,schema/witness asset,Byte-for-byte public-safe copy from legacy source.
PORT_0025,cases/PORT/PORT_0025/schema/spark/load.sql,cases/PORT/PORT_0025/schema/spark/load.sql,copied_legacy_file,cases/PORT/PORT_0025/validation/spark_witness_data.sql,169,ccb9a4551d11434b41906664e4d60b3935f9981078fac35f3f4ea7961cc5b9a8,ccb9a4551d11434b41906664e4d60b3935f9981078fac35f3f4ea7961cc5b9a8,yes,schema,schema,yes,schema/witness asset,Byte-for-byte public-safe copy from legacy source.
PORT_0025,cases/PORT/PORT_0025/sql/negatives/neg_01.sql,cases/PORT/PORT_0025/sql/negatives/neg_01.sql,copied_legacy_file,cases/PORT/PORT_0025/rewrite_neg_01.sql,214,766a96307f63494b5088ecf688bf11d70bee10be1de3179017b7a69b992c0629,766a96307f63494b5088ecf688bf11d70bee10be1de3179017b7a69b992c0629,yes,sql,sql,yes,case SQL,Byte-for-byte public-safe copy from legacy source.
PORT_0025,cases/PORT/PORT_0025/sql/positives/pos_01.sql,cases/PORT/PORT_0025/sql/positives/pos_01.sql,copied_legacy_file,cases/PORT/PORT_0025/rewrite_pos_01.sql,215,2690d85ef8513e73cebbb0a3c0aa484a22a0adc77459c4c5fc7e02129d7261b4,2690d85ef8513e73cebbb0a3c0aa484a22a0adc77459c4c5fc7e02129d7261b4,yes,sql,sql,yes,case SQL,Byte-for-byte public-safe copy from legacy source.
PORT_0025,cases/PORT/PORT_0025/sql/source.sql,cases/PORT/PORT_0025/sql/source.sql,copied_legacy_file,cases/PORT/PORT_0025/source.sql,253,c16914d327c777e614b91cc1196ee05b25b8ee90fb99b3cdbc04002ebb8f6efd,c16914d327c777e614b91cc1196ee05b25b8ee90fb99b3cdbc04002ebb8f6efd,yes,sql,sql,yes,case SQL,Byte-for-byte public-safe copy from legacy source.
PORT_0025,cases/PORT/PORT_0025/validation/run_mysql_plan_collection.sh,cases/PORT/PORT_0025/validation/run_mysql_plan_collection.sh,adapted_legacy_validation_asset,cases/PORT/PORT_0025/validation/run_mysql_plan_collection.sh,1940,30f60c66412756c1ea772542a1b7d87b634764bdc9e87224cd3054e51ec1fed9,7a64ef3a97dc5b15a9af4bc1b7edf34338c2dd08490b5c24f468589a3a936f48,no_adapted,validation,validation,yes,retained validation asset,Copied/adapted retained legacy validation asset; not executed during migration.
PORT_0025,cases/PORT/PORT_0025/validation/run_mysql_validation.sh,cases/PORT/PORT_0025/validation/run_mysql_validation.sh,adapted_legacy_validation_asset,cases/PORT/PORT_0025/validation/run_mysql_validation.sh,3538,24f98731f0bf3a3f7005a3d76784fe16710f949ce818f1c5ed9ef4b752d3f6d2,90fb2310f8d7d055a3619f47ca017ca8c4f36539656f4de0fb0289630a663f6c,no_adapted,validation,validation,yes,retained validation asset,Copied/adapted retained legacy validation asset; not executed during migration.
PORT_0025,cases/PORT/PORT_0025/validation/run_postgres_plan_collection.sh,cases/PORT/PORT_0025/validation/run_postgres_plan_collection.sh,adapted_legacy_validation_asset,cases/PORT/PORT_0025/validation/run_pg_plan_collection.sh,1455,0f0bfa74ecd4523659b36ab56c918e01422b9cd7fb4609881d24d2afc9bfd5ad,ef2ce756b0bf2a7e62ee7448d0773c17d75d9d407039c421c91103f28b52331d,no_adapted,validation,validation,yes,retained validation asset,Copied/adapted retained legacy validation asset; not executed during migration.
PORT_0025,cases/PORT/PORT_0025/validation/run_postgres_validation.sh,cases/PORT/PORT_0025/validation/run_postgres_validation.sh,adapted_legacy_validation_asset,cases/PORT/PORT_0025/validation/run_pg_validation.sh,1229,955b3f662e88738b413f1124f7d9db7be89a5310833715b85fb918f93648614f,29d72784b6187e4a6e6ef4d7035af265e1845b176f3c0a78c6214be121f02649,no_adapted,validation,validation,yes,retained validation asset,Copied/adapted retained legacy validation asset; not executed during migration.
PORT_0025,cases/PORT/PORT_0025/validation/run_spark_plan_collection.sh,cases/PORT/PORT_0025/validation/run_spark_plan_collection.sh,adapted_legacy_validation_asset,cases/PORT/PORT_0025/validation/run_spark_plan_collection.sh,3341,6ddfdadcf7adff1548b283dad1ad207c657b89135695410d186635abbaab6b9a,f7b218771e48d43248b11dce24b2b27fc47f331f1290c61efd10b68cb3eb2a8f,no_adapted,validation,validation,yes,retained validation asset,Copied/adapted retained legacy validation asset; not executed during migration.
PORT_0025,cases/PORT/PORT_0025/validation/run_spark_validation.sh,cases/PORT/PORT_0025/validation/run_spark_validation.sh,adapted_legacy_validation_asset,cases/PORT/PORT_0025/validation/run_spark_validation.sh,4348,0509266f1971f1a6d28d5e43862700eeeb60a0e7db786e02ce59baf44d36204d,454fe7044caa52d047f9833567e1cc4e358ce0c3b3ff57df7d7b7bb0eb794bfd,no_adapted,validation,validation,yes,retained validation asset,Copied/adapted retained legacy validation asset; not executed during migration.
